id,age,education,experience,ability,region,treatment,income,true_effect,propensity_score
1,24.602182655591157,16,0.0,1.0202983706009408,서울,1,86.93740113913769,14.993088967549053,0.9310025737381445
2,44.36266157117926,9,29.521893021433876,-1.6959101475090477,서울,1,76.50638264628951,10.052317755412302,0.7077573974189408
3,25.33563856743953,16,8.687459213174767,-0.8631583003971491,서울,1,78.39751913353415,12.290465671974923,0.8534609963637293
4,29.62358479861395,12,10.25489924267874,0.8571271781835578,서울,0,67.92174396127731,12.114601130982614,0.8931744016322298
5,33.08556223244559,14,18.695718505763686,-0.0147848789214556,서울,1,81.04660721224177,9.390862855756641,0.8948507326030817
6,54.365499637943905,14,34.61649105997368,0.8195512669427346,부산,1,103.81886752187873,12.516435665645616,0.9449687439865282
7,46.64360852392103,12,25.356088233064128,0.09934734635242413,기타,1,83.62883334820181,11.452047902532446,0.7918489648546972
8,41.64648849133615,9,24.160040221525435,0.6520536656106436,부산,1,72.95855192405128,9.415838439470214,0.8389663170097365
9,21.160552976974415,14,0.07085244164246007,-1.1110295975108315,경기,0,44.12195134295429,10.311013169383637,0.49210185332127093
10,49.349931851211316,12,31.436555174194886,-0.7445605842302151,서울,1,79.61576752022208,10.366128912036594,0.8731479864207026
11,35.79800073724023,18,10.69753998741004,-0.6571464335642324,경기,1,80.96925315722655,9.326661513561188,0.7675203318683573
12,52.08188474514666,9,37.117399268072404,0.36820239636277236,부산,1,91.20285719472865,10.475365529780616,0.863764232808515
13,30.17684503439517,16,12.925229559065475,0.6567584895978019,경기,1,96.56098210882723,17.62487173422989,0.8117113197538692
14,22.275397466046073,16,3.5434102801059746,0.2496050193938714,대구,1,79.78735262948184,11.004563871120672,0.8328197362559105
15,54.66594563596801,14,34.21848792663137,-0.41634561954171323,부산,1,100.74968243625437,11.986684823201163,0.9026771346700845
16,28.841159835374853,12,4.715094644766378,0.019904342549244645,기타,1,69.97632633427517,12.47800193074854,0.6756662832053026
17,36.19957792189039,9,22.001242239131013,-0.21046052627496994,기타,1,69.33884179755752,7.858304928883635,0.6198175090513082
18,32.64385884072835,14,13.381972789151126,0.045741686803713134,서울,1,77.51100491266213,13.973312831231267,0.8918296411621289
19,23.06650799985789,16,3.9937843518886,0.36653580773809075,서울,1,88.26797846566906,17.053186240889076,0.9075881859101778
20,53.72898776918818,12,35.72657776657802,0.2249882961867022,경기,0,80.86737130307904,11.957528745192022,0.7932026945911721
21,53.95756590979446,12,32.049448971136286,-0.09226819108706945,대구,0,80.93249956090783,10.018336581683474,0.8523951843076468
22,58.858603657415514,16,36.62030921984429,-1.3069757010983643,서울,1,99.60676831252016,9.94361125048646,0.9234298353760757
23,35.41507657580553,14,16.234696627437977,-0.9028826369654582,기타,1,90.27795138629735,14.387601430137028,0.6940680203689431
24,58.17952500434661,12,36.33438251807524,-0.3152426739137864,서울,1,97.30646312501966,12.86258713784497,0.9144571341807414
25,37.83033443358875,14,16.103149277736158,-1.5125865987700406,부산,0,72.27870427052767,11.421569071055494,0.7615770010296372
26,46.788986068872305,16,21.423636551027368,1.0215720852263195,기타,1,104.25361135630348,15.681999489991204,0.9137890171600502
27,23.300001987886215,12,10.742598112641186,0.2568637950198239,대구,1,64.88196197295593,10.327331246641485,0.7506080616540862
28,55.883943199261374,16,30.75221950515006,1.7869884042124082,서울,1,108.40384283759704,18.36500992634808,0.9805200098591697
29,31.92014002755051,16,8.113365990860704,0.9219356997662664,기타,1,89.55910869863598,13.537316543785584,0.8676690418444667
30,30.49219290385526,12,13.119087877720734,0.30523556840838806,경기,0,59.442617961899046,11.879716790166409,0.6667789550955311
31,20.20518196257828,12,0.775114280415282,0.6689131667209105,부산,1,62.62146129442165,11.137189902461497,0.8094301003121964
32,41.728100611216234,16,19.990447995569596,1.2992723727884505,기타,1,103.6776750218377,15.018878517628629,0.915606992662272
33,39.02385468029013,9,23.282169785760434,-0.42909125309809687,대구,1,70.7434499100188,6.475284900590471,0.6789069593790095
34,45.454947102860906,14,25.94347121444593,0.29489120305776106,기타,1,88.0319956198814,11.640635778407855,0.847610213860844
35,59.128165363280246,16,39.55308733462867,-0.05001367921893374,기타,1,101.70958421011807,13.398444339337214,0.9049165102970202
36,56.34651031324351,12,39.35754178289983,0.17568177668235027,부산,1,94.69498666043087,14.144983772206926,0.9095659385259983
37,56.40612303120626,12,40.77597657480321,0.23448268267261466,기타,1,92.76102184491702,13.057599261449509,0.852346342185416
38,41.01022684428582,12,22.90062205322582,0.3161453263148892,기타,1,86.02864242244637,9.699160629566467,0.7870582187898751
39,24.160757994190515,14,4.219096168853585,0.939214765415683,대구,1,72.441816979152,12.08199154424138,0.844882347201133
40,27.23658381031604,12,7.5467075963900925,1.752810780779122,기타,1,80.1362714909326,17.971068850941712,0.8315432319487434
41,58.121608839469665,9,41.48475894658714,-0.28876731357377833,대구,1,78.75105961380596,8.139373682527362,0.7994557253849034
42,36.478119335454345,12,16.4681012856536,-0.9328358117043807,서울,1,73.65899887277277,9.659968073180684,0.8065622763740358
43,54.60068482428727,12,38.12627415781955,-0.4290836450165491,경기,1,103.00950035119834,12.14117547239509,0.7424486544397163
44,46.88709117904705,12,31.721952060181813,0.9092162811600587,기타,1,91.76638167223165,13.813118478490635,0.8593098345558604
45,45.151431835286445,16,24.976996129760554,-0.08737226882624972,서울,1,91.73160676863574,10.891796265923547,0.9375622130239354
46,31.022351065958084,14,13.222147923629999,-1.3568640488803563,서울,1,64.47814243606481,9.178856225984687,0.7980637577629417
47,55.8698907896345,12,38.14449949086961,0.46623708720415175,경기,1,99.0539375641021,10.735336002567896,0.8222931025359811
48,28.275654853734608,12,8.734325751269285,-0.338156898123415,기타,0,68.58095727007749,7.6061658110613415,0.6419362382785821
49,36.1762097230163,16,17.92050319770823,-0.43323904275336134,서울,1,96.9018666171722,11.371670732621268,0.9077200986212155
50,59.74289969576414,18,36.293575512758096,-0.21818471845926385,기타,1,112.42826144732561,15.111351923703449,0.9204664340848654
51,49.42908326028483,18,19.167678221299845,-0.8190087403873814,부산,1,100.15620115745365,12.034276194392037,0.9145697964609686
52,37.80245649958731,14,17.243161456056164,-0.2771300868956957,서울,1,90.06146854118558,7.7260095410802005,0.8899191677326393
53,42.4265267777494,14,21.052360470868827,0.6410220461806818,기타,1,93.42535584652055,13.19899786667221,0.8556431640884583
54,36.45021956346541,9,21.06280841994092,2.0102365468523975,부산,1,95.65312001820166,11.937622798646423,0.8997771350220521
55,49.079519678719535,18,20.01582949120253,1.6911612529214528,대구,1,109.96950835611824,20.694332431035267,0.9653545592188945
56,35.96787543616299,18,13.15261519949383,-1.5898091224258455,서울,1,81.06842988715921,9.575892392442245,0.8760971395447433
57,46.80580658809527,12,27.37116998956977,-0.0008272897870430605,기타,0,82.04860430684181,11.557876314630953,0.7874151116146296
58,48.18862431522166,16,29.86034622266272,0.8633201817608626,서울,1,88.25335886801727,12.308301320077456,0.9642236441429991
59,44.382394850361834,16,16.819048056771805,0.9657984283511551,대구,1,95.14259409239321,16.188446751520218,0.9268132429757668
60,41.60137856726624,16,23.1108067251415,-0.36625725917310703,경기,1,94.72274528046898,9.79614226573435,0.7824509695093501
61,28.24327403653207,14,7.121102347156926,-0.5655210353952458,경기,0,62.940290857888726,11.946611474855391,0.6114273495870192
62,27.966459064908076,14,9.350930608945308,1.4314387215499742,기타,1,93.11370436412486,13.379717793274326,0.8542782337134777
63,51.82955459264177,14,29.208370402417238,1.1913674570496995,서울,1,87.16038586219378,16.614154125420246,0.9617407117989698
64,31.613311110830264,14,12.79358472862802,-0.6622404371931504,경기,1,68.40614340639989,13.641508189855745,0.6292689428216771
65,46.23851311295415,16,20.255842452191448,0.49223108177429287,부산,1,86.59092155917875,13.592276696646609,0.935441343394957
66,31.984671032280993,16,11.447650406734155,0.2754424141486938,부산,1,88.82547165607711,14.144249311971915,0.8995189648108818
67,25.779135136913148,16,1.2793236827192063,-0.0503684177251893,경기,1,78.5614366076372,14.697106622153829,0.7116049623918259
68,36.158266679218784,12,13.454126334391956,0.8218774256920143,경기,0,69.36596633619227,14.442461144842408,0.7443392058518279
69,32.41078107378359,16,11.355000055982602,0.4181086426016114,대구,1,87.26151678458551,13.852717824249208,0.8776991559007248
70,29.73592065123849,12,13.408202396655199,-1.109911455269543,서울,0,62.798272082529984,10.652900068210275,0.7638392617807738
71,43.52416170633504,12,24.817714865673143,-1.475155632355109,서울,1,70.43579029670119,9.923416149673988,0.7991648089149734
72,29.81373011853439,12,13.949648999229684,1.007432832733809,경기,1,86.19457533643362,12.986566938931544,0.7387511084442062
73,49.91082447171452,14,34.77040098530567,-0.5521194477286129,기타,1,86.04349972747691,7.7638866625666,0.8130362236598745
74,48.80586591416892,16,29.958969121654267,0.6477795752550344,경기,1,109.73237780076799,17.755563645507653,0.8807547377623687
75,47.81043467820372,16,22.551963487587987,0.2843501329227251,서울,1,93.87075812765556,12.549200723442972,0.9490154965358635
76,24.109711142928468,16,0.0,2.3287406678490346,기타,1,93.44747353285499,19.844668443910454,0.9126607725859632
77,57.74569712737164,9,40.84150615342529,-0.31981796640192306,서울,1,85.53128774563787,6.4402157887461176,0.8758190816819313
78,40.13358531571127,12,18.49355219270536,0.5771842333421199,기타,1,78.35878950417104,9.919435920935083,0.7983799046988435
79,55.98694477469651,16,37.48923080391327,0.7642673314415229,기타,1,103.7477919494336,14.15618786871377,0.9293511530432528
80,27.943195377452557,14,6.527714985254321,-0.09280974555918374,기타,1,79.65279867704405,10.746836197713662,0.7266587950179673
81,43.77796747273723,18,16.515879580948134,0.22775281664812716,기타,1,102.52693489417847,17.344241436273435,0.8960973406925883
82,58.61634326709053,16,39.814889414105394,-0.3707163068374462,대구,0,97.3786957048878,10.64623440570909,0.9156853838764186
83,59.94792983586748,18,36.85863435787437,-0.2929106363082235,부산,1,108.264169276152,12.833446551148086,0.953517843116931
84,20.966744999221785,12,1.6039593004499073,-0.06955985844820552,경기,1,51.96676532301896,8.495770671266131,0.5499811573331964
85,39.252133338212666,16,23.245167973660173,0.5223271907300646,기타,1,105.51485013542107,16.470959620065916,0.8785380252137533
86,31.656907586944318,12,14.92918222546007,1.0065958737423262,대구,1,84.09369291215148,13.80512445209845,0.8436615120475297
87,22.54882273269258,16,0.0,-1.2291009794409846,기타,1,74.70760191431927,13.611032529456093,0.6309806151112326
88,42.78497595772236,16,16.282757620201036,0.9179477245667688,서울,0,81.95617341473162,14.775049869906855,0.9559550823316035
89,20.20333138796856,16,0.0,0.49917587649464634,경기,1,71.75974649457115,11.864895378509171,0.741476058415832
90,44.45110358680087,16,25.66263960263798,0.9339947390535589,기타,1,96.29314022080614,15.711519493978775,0.9099189605169434
91,54.80725908138358,14,39.766640277628305,-0.9068746154258047,서울,1,94.08906344694222,9.474018816950375,0.9121660765180711
92,55.34405859895557,16,33.17634192617478,-1.0574383367613291,부산,1,112.17956664945456,12.450664759994744,0.901137283026716
93,58.17277932784153,12,38.472416384638706,-0.10573978579480002,부산,1,81.48058495308558,4.923780993776645,0.8998275431853585
94,49.59455279213897,14,31.71354235077491,-0.7778617894298916,경기,1,89.98913792793064,7.986121523539849,0.7349912177766285
95,27.38851830196355,16,9.501855284635344,-0.32732642639900245,대구,1,80.79801494308079,11.681194348535067,0.8144404873956237
96,37.38713284347221,16,10.343826130201656,-0.1267969782527681,서울,1,85.70657080110541,10.908990821926027,0.915890895525176
97,55.435979821914934,9,39.30805238227331,1.623947881335144,부산,1,92.79178603301428,14.65237662637378,0.9284934359541709
98,30.20185121339186,12,14.150265916599722,0.8887649398053643,서울,1,78.05239485830107,8.200629792851881,0.8993408594395627
99,37.732507789159364,14,20.536732402169015,0.3672275025996787,기타,1,74.50705206945845,13.038757701053898,0.8239919794828392
100,44.677479032835805,16,21.412782909597784,-1.5837681878095329,부산,0,72.41053000294477,10.381887613618584,0.834214159285703
101,24.13410043512618,14,5.241916233110121,1.8279369639211676,서울,1,79.44325588376924,17.3195086543601,0.9398607858116973
102,39.604386442762504,14,23.918682515890993,-1.994131763730104,기타,0,62.80388476215846,6.440580851858332,0.6068782113848645
103,21.788176097429876,16,0.0,-0.5003370721237629,경기,1,86.08457760423629,15.161396728584263,0.6423537938508832
104,32.465098772366034,12,16.4174631103529,0.6794993085329906,경기,1,85.26109090106038,12.825419446902128,0.7217635420458948
105,50.081587454641,16,32.668122260490534,2.3616983793066035,대구,1,119.56813383228777,19.415886881635842,0.9709473392285268
106,48.61996346112259,14,26.65713730373815,0.6242769916207802,기타,1,99.10535065001646,12.635780333751567,0.8755675316735643
107,57.66216975033268,9,40.48650175534001,-0.40181142335671405,대구,1,83.99342255222106,12.940742713482258,0.7870446900511573
108,51.07581466835078,14,27.77521922426153,-0.9996730084026089,대구,0,81.79105900675158,8.404371380971119,0.8174897429533866
109,28.609140599487446,12,10.461192960458646,1.737876442081894,부산,1,78.39735334140791,12.047180248881475,0.9042818331658848
110,56.19884722533002,16,36.05965187209691,-0.46110563118508224,서울,1,104.26419236590942,7.3062641547055085,0.9455261434381534
111,42.09056588045614,14,19.334762221724052,1.8914519128438636,부산,1,96.49620671514415,16.994736464006273,0.9517030612176202
112,53.79591550307425,12,37.69312395054946,0.7496818894492974,대구,1,96.1776558862797,13.740601040797225,0.9027087136386186
113,56.89957935092162,12,43.185295456722066,0.23210296671649885,부산,1,93.97508596093016,9.916012371681758,0.9157454627778515
114,53.15845115756567,16,34.894968719104156,0.6506460039362812,서울,1,106.27661064588962,14.685914530713049,0.965691182737476
115,35.767919918389055,9,26.947532293277877,1.1755538570790331,서울,1,80.95170561625174,14.18144122796856,0.8930814684627705
116,43.927525463285065,16,23.30655225972839,0.6755072165091707,부산,1,101.89750338668105,12.716845033398021,0.9398777395933868
117,37.30792318254401,16,15.869600988595913,-1.8022819391262233,기타,1,81.32445268963168,7.692685486487605,0.6690105889552489
118,47.76588542987803,18,27.12750081993029,1.0989778952166667,대구,1,107.65582518147491,9.579643433350466,0.9558952843553571
119,39.38745958414506,12,18.06155116506928,-2.327928258824214,서울,1,73.22481904448361,3.7490231391222335,0.690915018755479
120,25.13041366304293,16,0.0,0.1702915358340785,부산,1,83.59899553198747,14.105461037918083,0.8684992356187274
121,45.77481986455254,12,26.086263257932416,-0.9256566126433619,서울,1,86.05506905215492,10.901528304434647,0.847293674704281
122,28.18824864682621,12,6.659358268670302,-0.6447450179847768,부산,1,68.7394494683087,10.537833539195445,0.7326258304046678
123,49.79828502128918,16,30.120162657574514,-0.6938076994157647,경기,1,92.17358427312564,9.941578675816444,0.7941727001739045
124,24.224688256103306,14,4.744667442177778,-0.4787511377522513,서울,0,59.937393890070005,7.573247080475985,0.8309766564528831
125,20.29237974895699,9,3.730416706504448,0.16401848284318887,경기,0,53.19625246677384,8.349676135686543,0.46883072087266947
126,33.379559662117295,14,7.390675992566669,-0.5619373435708013,부산,1,71.38325071092493,10.222394384732738,0.8116136136457991
127,58.770220153242235,14,35.68190384384992,0.49247140545091606,경기,1,107.05099563202674,12.29147811172572,0.8674340403174681
128,48.03902757733218,14,32.429158320194055,-0.4882750699397376,서울,1,79.39644252393967,12.98687979644124,0.9122109587472249
129,36.54742138933345,12,24.44035030320044,-2.837465912943968,부산,1,63.592134847104454,3.0855220959732663,0.5638049799280106
130,24.8300868206315,9,15.127406365173965,-1.5230510754210869,경기,0,53.78515527986865,4.742143641142478,0.31785439368033774
131,22.414541774062148,12,5.200735878039995,-0.8362541057533365,기타,0,46.726692898712784,6.863129638304837,0.5454172521230322
132,49.048466950431006,14,25.453785937285136,-0.720929479944519,서울,1,86.05658673495645,7.314716848925491,0.8979858203762633
133,56.21803937253895,16,32.18124320704038,-0.9549477800169187,경기,1,104.48606825036845,12.714436609649123,0.7971699294002971
134,20.641036717284756,12,4.909240545740914,-0.5967312168765758,경기,0,46.577160240096084,8.083861581937358,0.49088789181965997
135,43.36563322854347,16,28.346411322750264,0.39854845283055823,서울,1,89.00167232430462,11.275483246591499,0.9502658989875724
136,49.14416200834206,9,36.53249530310278,-0.06908459332549952,경기,0,74.20613589048698,7.9098011299379145,0.660083399834981
137,31.687901771040327,12,13.681598374698781,1.1577092602535743,대구,1,76.1268020922762,11.944002966000152,0.8518807234543281
138,40.91190465308975,14,21.340622835854514,-0.3237742952557335,대구,1,84.42122800198285,12.638432831300097,0.8277489887150644
139,52.594075450024704,16,26.89868772377916,-1.150141154039719,대구,0,86.72474097138661,10.489892710192471,0.8514219986383412
140,43.85307920707463,16,17.592796307832966,0.04031704485586145,경기,0,79.67699667392066,15.431469949006363,0.8135354056123125
141,35.142213578062794,16,11.105129544586758,-0.019982921472528434,경기,1,90.12697538621302,12.068247480837325,0.7692185740841976
142,23.102312219798836,12,4.70692744421482,0.9091620887229972,서울,1,75.70200070578517,13.26594680373193,0.8769324488512258
143,39.47624704928345,18,12.333534305649412,-0.45311090718716796,서울,1,92.59747434896178,13.857938597448534,0.9299749640222646
144,38.72775624279701,12,25.86643566479927,1.1180013810156357,서울,1,95.30038212180436,10.554957667933298,0.9303592017079044
145,27.261390269174022,18,0.7737532168751109,-1.3613501625776923,서울,1,71.95925627629335,10.655711541806703,0.8547422556311366
146,22.805437378529486,16,0.18867027461162833,-0.38411846235086244,서울,1,79.31566340926292,14.814993652016469,0.8659873635267187
147,40.33603728585626,16,15.74123746291404,0.11281280186033198,경기,1,75.03549659717173,13.380643536419864,0.8054229823902995
148,33.274069393251125,14,9.806590609508358,2.430203031849286,서울,0,79.56645962002898,17.577657612725957,0.963689031741786
149,28.57991281387658,14,6.205812764366259,0.8101253902271252,부산,1,76.44098952759465,12.44193785618373,0.8848027720848526
150,23.78627576857745,16,6.712809386099169,-1.444517151344611,서울,1,80.67346459539039,12.085043081646702,0.8054316819503784
151,53.51722114678868,12,37.253705212701846,0.6363124739654468,서울,1,90.38433957931498,15.846236413333727,0.9405336998591477
152,34.20449881603058,16,12.199092105916938,1.641250330627798,서울,1,94.60146334124815,14.757442185246553,0.9618269971106227
153,53.07140288889653,9,37.35503522461562,-0.5176286815585753,부산,1,80.97533081650447,7.100283562412904,0.8063029296082332
154,21.0384907692778,14,4.706387038070717,0.35964149822600316,경기,1,72.05939184385116,11.779500878348848,0.6786673976250442
155,20.089583086134123,9,5.917858855472767,2.278252415803315,부산,1,72.75766825355252,11.69832644013368,0.8641384278880775
156,56.97671005257466,14,36.11538883042026,1.8778464246159468,기타,1,107.35754955232258,15.183977110775437,0.9447791867570952
157,46.95733004030487,18,24.258027324148397,-0.6592847554238648,대구,1,93.92258897644662,13.899461029332048,0.8958634045884972
158,59.79258320424834,12,38.89752868935288,-0.6034621388911309,서울,1,88.12017403353862,3.8217109556958313,0.9074673373384134
159,39.180200857626716,18,13.933324116795411,1.5349959629730945,대구,1,99.42519565690273,18.876068527257257,0.9521401476212129
160,26.365499862159254,12,12.384976970661622,1.2151008426943397,서울,0,60.91845051523531,13.537796501224781,0.9053992145234562
161,58.091322111135845,12,45.92894051843954,-1.1743516381312165,경기,1,90.4677282455162,10.22203387145669,0.6971873829988406
162,26.642806941779874,12,5.499170721094772,0.6794076227371354,경기,0,62.16349364178307,10.610218437212101,0.674267770881597
163,34.77141228172214,16,12.195512939922143,1.6423599283976185,기타,1,90.21004628832938,17.40585501358801,0.9120208774548805
164,57.382399354810985,12,39.98185894052479,2.6947017116981,서울,1,106.14129463723887,13.421567214828073,0.9800586593983475
165,23.26564544900591,14,2.8311300865303934,-0.8949061727033701,서울,0,46.9068039666987,14.15981905174493,0.7935029487567555
166,38.15848458455528,16,19.218122540113704,-0.6437912385054936,경기,0,75.25482133740914,17.075734276334735,0.7375852287993209
167,55.49162366642014,9,37.21936477046052,1.7629917488514861,서울,1,97.96701646818337,10.367634308704151,0.948510843792526
168,32.7762024114255,14,13.842955214785722,-1.0208637909309866,경기,1,84.98153956267039,9.679038328377732,0.5947222137486469
169,58.50631750862845,16,39.07836445041795,-0.06474238219613627,경기,1,99.56730148112418,9.142074819189384,0.8730875993144602
170,59.89490401393954,9,50.31178833278083,-0.11240247005448151,서울,1,78.8491114582095,5.270893547932782,0.8997829044499688
171,39.440620962394846,16,13.567592895133249,-0.6616480699043711,서울,1,86.97126097801565,14.349733510871266,0.8996791196033356
172,32.85166353736052,12,14.492088962021866,-0.736164381152162,서울,1,71.83555513383924,7.037298888720715,0.8075038966995426
173,58.93755992327374,18,35.85370193249923,-0.9296772852632167,서울,1,100.31225121006683,12.275735986948595,0.9513138565499003
174,59.94874145235543,12,41.33982879994516,-0.26064810835087415,기타,1,86.46291957855742,10.049693823636215,0.8294945195221489
175,37.808524005289755,16,12.888800872606302,-0.45992125248901355,기타,1,91.4698729242055,9.564057407462375,0.7949618167307752
176,21.789827817673096,16,0.0,-0.7051372653182685,경기,1,74.82825902901212,13.35190689293998,0.618509811685153
177,37.88244493989653,16,18.666505805425757,-1.537659870815238,대구,1,84.56662778370699,11.34101070561448,0.7641348474817811
178,48.40699199188225,12,32.140683144015995,1.7384967002432075,부산,1,97.70815641364247,12.015211402935254,0.9457715320737118
179,45.04285310520169,12,30.74545745352716,0.5607590697508495,경기,1,90.7170254627091,13.459315866177882,0.7839255739903742
180,46.82599080845003,18,20.117443608375464,0.329385318117483,기타,1,105.86339008834744,14.9164073351489,0.9090745291115166
181,58.87675439386769,12,39.236903274190674,0.9728739389674842,경기,1,110.74598307612905,18.27914907700935,0.864869902008428
182,46.478849635433434,18,27.69631653701916,-0.9470079704727183,경기,1,93.83047293563288,10.132882801570302,0.8073739458993537
183,23.658008094306528,16,4.397094444409531,0.049591388728623884,경기,0,58.37933084490127,16.333764475798098,0.7194886978198287
184,43.58924040838511,18,21.94910644971654,1.5398252783869153,기타,1,101.18151822335135,15.609067813266337,0.9458941578987613
185,28.4632402562507,14,10.343565836218318,1.472752550255767,경기,0,84.29559809914447,11.801674594731029,0.8189243392518974
186,51.80302539998254,16,23.98323240509385,-0.21647433904562094,서울,1,92.46717504337774,12.507065129534732,0.9409027648916404
187,34.0122392891141,12,19.473287619853892,0.8883890946849793,서울,0,77.07338196689734,14.074320862781216,0.9104524748407776
188,40.09745910572626,12,16.96569068472746,-0.036525965247347456,서울,1,80.21894098821065,9.607165479631327,0.8758107162130983
189,48.14156584526368,16,24.120870882925004,0.5715206548277141,기타,1,97.55340559735237,12.996694012257748,0.8993298327124689
190,26.86510703671754,16,5.825975036138533,0.18290415791424236,경기,0,66.34543697960456,14.804198984065188,0.7478190157711039
191,44.042377645287516,16,22.609529081188377,-2.377089034562223,서울,1,79.67103961123246,9.677729817199484,0.8203025049210169
192,26.401384429562334,18,1.0829506106030025,1.714274101834658,부산,1,82.94685351136957,16.107747122115022,0.952392831792117
193,53.063136053823655,16,30.992690279974248,0.6772201183258059,경기,1,102.06399662495491,12.385628936244562,0.8918520137831645
194,33.30806513970073,14,12.995375019400715,-0.6972574483138438,대구,0,68.20733953735846,10.732369736110858,0.7590514851873551
195,41.867887464663724,14,23.510069371820787,-0.23199757817803143,경기,1,73.44689476081055,9.47275298635207,0.742013399465387
196,53.22842418569353,16,32.66409365578283,-0.06028759920091668,기타,1,106.99038680722302,14.111017625547625,0.8870609719018734
197,58.76268248559094,16,37.26391620637235,0.9291452880097223,서울,1,110.47712482345665,14.903338873715132,0.9737238345857201
198,33.1013991079503,16,12.493172415336586,1.216025552211608,부산,1,95.77499224540605,14.892495975456486,0.9367293290090464
199,23.534952784468235,12,6.352818878460254,1.1486842260267391,서울,1,69.22356596419601,13.920512879899103,0.8917332892011093
200,58.53956495118322,12,41.45034415682894,0.8507726399017626,서울,1,99.77310490882066,10.175781052755672,0.953054335579248
201,59.57213774741834,18,36.93467581035114,-1.0849105091012148,기타,1,106.87914666630456,13.179003102510457,0.8827086580180986
202,56.76308348223981,12,38.332781755003246,0.7603311992864765,대구,1,90.22263451650315,8.159747722693705,0.9087738833215289
203,54.01942760213329,16,31.65320488585424,0.47206112437526854,경기,1,104.26647591098003,8.331528344820306,0.8842135605891124
204,39.74770970113576,16,20.815224799977045,-0.10102083913531504,경기,1,85.52434111920806,11.393016165353341,0.7945537220375289
205,38.744662325103384,16,14.858328121032427,-0.08744445030489828,서울,1,82.50055125000421,11.33181591779303,0.9227102775192073
206,42.35811224402413,12,20.986058017013566,0.9370360197111983,부산,0,73.98607258314297,10.634012101181003,0.9025197548092628
207,24.27608819521872,12,7.971740986508133,0.8068275107439797,부산,1,76.13434628068055,11.357485929329874,0.8413961389923779
208,55.949483654466206,18,33.43376484081807,0.021574005029580887,서울,1,114.19050767721866,13.500112206882223,0.9665639991299874
209,44.60588829954289,12,29.904954144264288,-1.9057878377743376,부산,0,74.22592789304606,4.832711974309877,0.7187507580465988
210,59.68183257636559,18,35.927022905925384,-1.7137275330343815,기타,1,103.27365639760978,11.549946763703751,0.8450172360030334
211,47.703055899416995,16,26.37448397655571,-1.473322100542811,기타,1,93.81834439651394,10.670119685714294,0.7651535987275638
212,34.1893940718645,18,9.43445963092954,-0.03099146193620756,부산,1,84.30356977079303,12.348033003248114,0.9139334361557304
213,26.93853439059293,14,2.549488264370626,0.4451403493641308,대구,1,86.58267579407885,12.941264360327224,0.815602860159932
214,21.846722308342834,14,1.2638049809258878,0.7372551627551622,서울,0,69.50814580081112,12.931055639633398,0.89265958556743
215,33.0715882009913,9,20.468909496401036,1.4863324142876888,서울,1,77.57149369538102,13.690050778000261,0.8965334346084606
216,34.231777052499694,12,16.879947024482753,0.4812324855756476,기타,1,75.77377857693148,8.981956937591098,0.7674648446660756
217,39.17548840367179,14,22.174918871760266,-1.5626229220955328,서울,1,73.57428830798544,10.17954028227595,0.8211190340615687
218,46.359124992115355,9,33.2688410113267,1.4490124904580857,기타,1,87.842556563262,13.080330868389865,0.8367683831630395
219,23.437688470002477,9,8.00109247244251,2.187273453036796,기타,0,58.77894886569569,12.621229597601337,0.784553377175354
220,31.857824474063765,12,20.892399254442594,1.1233040975481559,기타,1,73.71747605678343,11.881604582380561,0.8187249248912281
221,28.1369254328672,14,13.02126342051464,0.7042445929832728,기타,1,93.10272906153544,17.506288037188867,0.8092390733384388
222,46.0863894901184,12,26.878121055257502,1.6843634495686686,부산,1,90.17356804138372,13.366266828747328,0.9389283109196244
223,43.08625477716433,14,22.873205502360506,-0.5094820237254041,대구,0,76.20567173317164,13.202800747708704,0.8228411146861941
224,47.272085456607726,9,36.823005457643895,1.006039835863404,경기,1,87.85114939113105,12.342836668261565,0.7625465011304786
225,28.677198848874838,12,16.615413274253648,0.2968815577619885,부산,1,80.32927553017021,12.126349019042227,0.8303540965936163
226,20.890789933609426,12,8.29384788021039,-0.13338097904744872,서울,1,68.94407161307925,12.189637767343424,0.807533711415133
227,21.55896695659038,12,0.0,-2.5566575141773615,부산,1,62.09005972589328,6.485679865710342,0.4632788816596443
228,38.268551585082264,12,21.701077311960095,-1.1951566127486857,경기,0,66.08300213671215,8.000602500978589,0.5460698331593031
229,55.1044039024317,14,40.045253891148896,0.5089053568050204,기타,1,93.90481562609116,12.074516668458623,0.8963204679870792
230,41.566287435340314,12,23.687803714636466,0.9386822828656024,서울,1,79.94018178787753,11.505900817367664,0.9267323028091417
231,41.01973132668071,14,26.04057658193698,-0.20814911207453682,경기,1,79.33985613851615,9.199719242219167,0.745873878348176
232,41.76905102835539,16,19.850388875605717,0.6484058098314661,경기,0,74.89418495562626,13.30511943344113,0.8529700106529542
233,40.656759111175305,16,20.367184739367588,-0.2886983666658046,경기,1,91.9610119625975,13.364528856447949,0.7811632003315689
234,55.454094380946266,12,36.22777922915136,-0.1914495235764708,대구,1,81.8785117980269,6.612177775977979,0.8551570294181852
235,36.40777594266025,14,15.20764869811321,-0.6803943903874263,기타,0,74.15936708235624,11.723582454598311,0.7191066889499462
236,52.78087227618866,18,26.85425246223725,-0.06832949223446151,서울,1,103.90952578697681,17.724613938218944,0.9604560390569367
237,53.288680174518475,16,31.447389064684927,0.6092157147863808,기타,1,104.80075641640406,13.744489399438791,0.9156651341342087
238,43.76723966559718,12,23.513413084088192,0.721235935768452,부산,1,80.92647224432326,9.56582250307376,0.8976238097578927
239,27.93666714942919,12,14.348511506507855,0.5809748844919826,서울,1,72.34687383886255,14.547545072399206,0.880029114629556
240,51.01217116449759,12,32.18315368782313,-0.47519143594913493,부산,1,77.1058118827205,13.258604403128828,0.8586933160710848
241,20.217252255811516,16,0.0,-0.4411554520126818,서울,1,71.6248765782421,13.687562125188762,0.8561614304152401
242,22.10985374133677,18,0.0,-0.037720410237908106,경기,0,66.47134888247969,13.091561294920082,0.7546071468060664
243,43.245996729164375,14,27.10585050381943,-0.6719997073082163,부산,0,72.36814786323407,12.198284718605919,0.8581463283634556
244,30.078937953927994,16,8.75184113527537,-0.548859004393566,기타,1,87.12617539078542,15.040201043475147,0.75299828461265
245,30.566877495363144,16,10.885139688237324,0.2624876554870672,경기,0,72.86405302709065,9.638607830783226,0.7775477827613776
246,21.76053019145528,18,0.0,-0.5207186868421834,대구,1,82.23443534941377,15.147025801669818,0.8137936341112892
247,55.87283467220036,14,40.19002471381208,-0.15564844512728074,서울,1,104.53969568838752,13.703313299765423,0.9394333645219888
248,42.297941352976466,18,18.116066941551395,-0.9312421700289999,기타,1,94.08886762779579,12.181649837639206,0.8265682601371199
249,20.944087727374843,16,0.0,0.5027830937681006,서울,1,84.24084142958115,11.01038102172538,0.9063849803055011
250,42.90617510192,12,26.223373425458213,0.22766389532645473,부산,1,89.30812440796902,13.044491652870072,0.873712374603903
251,48.12043121061944,14,29.06720509950899,0.4130262796485889,기타,1,103.11281371087443,14.781218565010729,0.8652495968584524
252,48.59022279698365,16,25.960069981296165,-0.5538328143012335,부산,1,91.7978433339326,9.245121310863627,0.9050370226732996
253,37.841286265032934,18,12.936660018005101,1.173045857955404,서울,1,109.5856295098679,16.282278997041967,0.9668408516149847
254,37.00276609185783,12,19.044099445851725,0.32138519886576933,기타,1,83.29348659936797,10.018323175104754,0.7669536334233258
255,31.067719197330806,12,13.427435440459076,0.3163960102624448,경기,1,73.7824422402202,8.930786372369266,0.6712461781787954
256,57.77678169753223,16,38.73442538617077,0.7846111956917616,경기,1,125.55541999918755,18.165633130208096,0.9117494650701028
257,51.5783163165126,9,35.94199291283945,2.140001014905017,기타,1,92.4404626702962,13.044237008458492,0.8919664567624501
258,59.67592929952149,9,47.18694676754811,-1.9712736065876983,기타,1,89.86237158502749,10.177728562121949,0.581698850994906
259,56.31630738017212,16,28.934728034465365,0.24805411036834135,기타,1,100.95865776783381,16.321381872718746,0.9037584097180772
260,36.297141386337664,16,15.195613225491506,-0.3704888682144312,기타,1,77.02190468765589,10.256909940939918,0.801015684959779
261,37.47057543391451,16,11.055066014652866,-0.8733942209451543,경기,1,87.76927211495882,14.243819022080409,0.6949289814882087
262,44.942615182624124,14,27.28672875315062,-1.6227370945913442,경기,1,86.87530216259896,5.491810826405584,0.6130974502026754
263,32.971514613992056,18,16.53945474243928,2.1481321286260693,서울,0,80.02044756443017,16.8553877103608,0.9780949790665588
264,21.30344494896246,18,0.0,0.05675950669143226,대구,1,77.88489206615405,13.462082952469292,0.8525130289590847
265,26.576686418882485,16,9.049695795722315,1.4309254552627435,기타,1,76.76866789166412,14.899634070228114,0.884677785000774
266,42.252063953469516,16,18.06961350597181,0.8409947420684406,부산,1,91.9213126557057,15.175846418948355,0.9397003520806649
267,41.481796166542445,18,17.42531911359038,-0.938375633108058,경기,1,90.41859622880712,10.806842871302479,0.7746403519697098
268,58.872387822683244,16,39.470632640926866,0.28308343716014756,경기,1,107.02468434590482,11.469692169004222,0.8922272288764929
269,41.26430255908261,16,16.841355378912773,0.45990133935515426,대구,1,92.22923284929026,14.705511091174339,0.9023533007682502
270,46.6988393878107,14,27.01419070193989,0.4367734722683225,경기,1,96.59365712569422,14.157040838454215,0.8209071217840976
271,30.850581261452877,12,9.7361334108474,0.7625801923466702,서울,1,90.48688492680645,13.682298928279874,0.8904809355872174
272,35.71893277967301,12,21.03723653555833,-1.400454499824637,서울,1,76.16482089989572,9.998697071737025,0.7728586691484091
273,22.809151957819772,12,3.8882228949945015,1.0837597044383964,서울,1,74.5558747816947,16.236368042728746,0.8846218346382748
274,37.75394699135401,9,21.344609055166195,0.6620576074330822,기타,1,70.39011140591631,9.041368353949082,0.7210254416039021
275,27.952496841140512,9,11.79266750024243,-0.13097551928335588,경기,0,51.15580749872623,8.575619085651736,0.49037340279049807
276,22.503828831716582,16,0.0,1.358905864784152,경기,0,69.46304162443533,19.243268337827754,0.8219374653402551
277,51.73257987033821,12,33.174229048058265,0.8108091331615583,서울,1,94.93323789764425,13.165557535860716,0.9411327034822693
278,25.61922514329519,16,0.0,0.11002979138090305,경기,1,73.871651443851,13.139898619751472,0.724600839404677
279,55.72641497971958,14,41.38058019864354,1.2388759193648422,부산,1,101.67117807907714,12.293417200483301,0.9588208449976764
280,27.301419056848033,14,9.497369928392914,0.13537591262233345,기타,1,70.15096883406075,8.132156173684903,0.7518848131420589
281,52.43609396585122,12,34.55117859711181,1.012063768638143,부산,1,91.20461198376994,14.908470847579311,0.9308786680224522
282,55.07321130593136,14,30.29165553062605,0.9218720833971665,경기,1,102.1438881374916,15.709738311029046,0.877107203661712
283,20.3546363892305,14,2.030380202975633,-1.7533534329899805,경기,0,60.39884643924145,10.96959282076412,0.41355698481376846
284,44.69804305005837,16,23.68801216052277,1.8554251923479237,서울,1,100.77930993499771,17.3272773854409,0.9748776375343582
285,52.39254361394994,12,31.412076702254105,0.9647443024760913,기타,1,95.58333772830373,12.413497336942653,0.8748285788822926
286,57.11852254702847,9,42.23649624112303,0.7993103467713124,경기,1,94.75828266824612,10.442138965854515,0.7882469324501991
287,43.322821262657456,18,18.55667313442273,-0.4183859735810012,서울,0,82.71110949236933,16.342162056614825,0.9395071452706499
288,51.340054031566645,14,23.12548020367143,1.0544251806593739,서울,0,81.10895007826635,12.435956940081283,0.9562809774364674
289,40.187160636181446,16,18.669572800767533,-2.1976541810622954,대구,1,90.08854430735632,10.84171516018356,0.7092226898342839
290,43.14784099469324,9,30.418597861094995,-0.13057336389691407,경기,0,60.35530978261062,9.735430941580958,0.611080451556318
291,29.426145889678224,16,3.8716811987305606,-0.16258704361776813,기타,0,67.72065181052464,14.504578737180509,0.7765973416177743
292,37.12612400888876,9,20.899622365385955,0.8377290778701489,경기,1,71.36024253600047,8.886023629353517,0.6726914041545367
293,46.00396249401275,12,28.180782971573223,-1.1896042244176224,부산,1,91.44070564163043,6.003573080363353,0.7870249566212184
294,31.29763377133161,14,8.881800504280722,0.06507084587950816,서울,1,75.22960920539016,11.115402985231865,0.8856751323194817
295,37.540132051281994,12,20.110941954830498,0.002483119423464437,기타,1,79.43661850640994,9.394594650597629,0.7413800208593048
296,57.796103785115896,12,42.258945905362495,-0.3412951150869138,기타,1,92.27004212122328,10.316467062491297,0.8187444326173181
297,24.27561184299728,18,0.19625560968480582,-0.8454979874739418,기타,0,61.74360535878927,13.866018129568422,0.7435926154042853
298,36.02501092682596,12,17.478927917374346,0.2134677084249198,기타,1,85.2961087406018,14.1631130371971,0.750639028798716
299,51.79311573858014,12,30.945519226042837,-1.081351959662142,기타,1,87.96432668615567,5.697842599828065,0.7119024031691178
300,24.112005628028136,18,0.0,-0.27017523906206947,대구,1,88.24337454034094,10.908983271121405,0.8385058302489288
301,42.14357896418324,14,20.187629783166805,-1.9035700883600926,경기,1,75.34323943781565,3.197932426309177,0.5480915779803246
302,34.03597605814033,16,17.685163223984887,-1.1555748623042887,부산,1,70.92278940374847,9.992568206319447,0.8291738855933962
303,41.14096284719736,18,18.865131696513536,-0.6965207230588318,기타,1,91.46225161573786,11.284300256327342,0.8406684653346904
304,33.13602771704428,16,15.61361281641828,0.744699113521967,서울,1,89.96540412900632,13.892017361505378,0.942198771861724
305,23.06436109647807,14,7.32198237625637,-0.7476053405834471,서울,0,66.33127897235828,10.979176954244927,0.8116403835274183
306,55.78896315649737,16,30.028641794478958,-0.9812576336351048,경기,0,89.82003663537078,13.194847353296575,0.7900848368894168
307,59.34300277813951,16,42.7336221945954,-0.3567734571558822,대구,1,99.35243384387374,12.752341473687368,0.9195175179441649
308,37.039792700193026,16,14.765984424332824,0.8958552568490531,대구,1,87.96793776712028,14.116775879870245,0.9118457986822734
309,48.208814062345425,16,27.799196190353534,1.6940749520713223,경기,1,101.140241660574,14.405919641849378,0.9233816277649962
310,36.856524808846075,16,13.003481298423269,0.2571590145065237,경기,0,73.1343628493706,11.138741821877252,0.8015077868436504
311,50.53197441891422,18,26.378877754755003,-1.3276813567243066,경기,1,96.15333057927714,12.078530179442831,0.7876114639279291
312,51.90232791032719,12,30.238105850059235,-1.3981128179710838,기타,0,72.56704494432586,6.907881471260206,0.6772956288124019
313,32.31916794370626,14,15.09817441384672,-0.2626841225934966,기타,0,65.25273216280182,9.65155234326337,0.7438398729126161
314,21.736946176690942,14,1.6329631566470966,-1.964095940046811,기타,0,63.336153340667934,6.941122177380127,0.4673018792514443
315,59.814251943724614,12,42.60378869003748,0.19957737100160394,서울,1,110.56840561247047,10.4641694494622,0.9383188597438984
316,48.15129686228756,14,26.07448105284321,0.6086081600615468,부산,1,89.35224023992896,13.132729995494383,0.9260866831427385
317,48.89542524576354,14,28.88389076998922,-1.9179541976360908,대구,1,81.57263671583576,8.134261491727155,0.7325835694097146
318,46.04984818198092,16,23.689162536036303,-0.44998462592111776,서울,1,92.44851490937047,12.478525363933288,0.9264160346989123
319,22.619668917959082,12,3.502646846266869,-0.05100476242420675,부산,1,59.23606934878914,12.120259555794718,0.7616809537303431
320,22.0810337513436,16,0.0,0.8743946702766459,기타,1,72.44817989921188,13.339572668985719,0.8290370542504047
321,39.594568631262334,16,17.849708822393236,0.5605765407164802,대구,1,88.01133875950119,12.107763327518024,0.9047088925609693
322,52.23772320413915,9,40.72205025324704,-0.9888092977663265,기타,0,72.94083397945427,5.731075862823047,0.647386359687184
323,59.16471182294585,12,39.92743077687768,1.5959248010550173,서울,1,97.51026538073151,14.788389467787582,0.9670905074840753
324,43.282180401882385,12,31.075705026222764,-1.0038435513150104,부산,1,79.59584981336901,7.65277922167139,0.7981028206905495
325,23.73558147787984,16,2.3390281590392545,0.34885581119818304,경기,1,77.98099649428391,13.577932784941442,0.7450777192496675
326,33.99700465017466,18,12.962926921810359,0.05623383349177765,대구,1,90.7930489736218,14.115793069651696,0.894512487196601
327,57.7164189075694,16,37.44243291418105,0.5745925575787244,서울,1,115.22239476386281,16.29585187267561,0.9682023582840407
328,46.23055045850371,12,26.310022175299444,0.3108622290851033,서울,1,86.53501479888152,7.418050383888407,0.9123875988900307
329,37.33788138685053,12,20.615231068585892,1.4294836397058819,서울,1,94.69388507530286,16.60025184862275,0.9350906477508978
330,58.45701327803017,16,35.310744017720104,-0.47114378681352154,부산,1,102.14771581125095,10.843492939781143,0.9299991190768491
331,50.19300497763342,16,29.048310334009702,-1.0717347961154453,서울,1,98.84051565560397,15.217739138297153,0.9136055759459165
332,26.565487763960505,12,10.817496909736388,1.7878638399252973,경기,1,85.31617357940044,13.245485885049808,0.7914052262381414
333,25.743160674344544,9,8.543086601216503,0.6735531803544208,서울,0,56.59322017373647,9.310041846634006,0.8156381889775354
334,46.22053142874823,14,29.776397242008617,-1.183849863317456,서울,1,86.86111201627475,8.63255516877167,0.8732770519208889
335,59.18961587422222,16,36.0182030294484,-1.9900871627617893,기타,1,110.29131543457248,11.725198543335832,0.7771147168424314
336,52.42055557919641,18,25.512509591546234,0.8287233225135275,대구,1,102.11735214981341,14.529494359683033,0.9533761746614211
337,48.64041950390538,14,28.84762773581588,-0.5980505603997587,서울,1,82.19493428612918,8.75387546257384,0.9057027715648853
338,50.78962996624807,14,27.775275216191528,2.297798661122958,대구,1,101.22169598798116,13.771705285232395,0.9586099868771936
339,26.516635170627573,9,8.163482468219465,0.657180354785076,기타,1,74.26012810341038,13.202558638749261,0.6434930989963487
340,39.54992053092999,14,15.821422159623934,0.24975774566283554,경기,1,71.27182966824213,12.280279451578245,0.763883778071053
341,44.44630019303962,12,33.02568947235958,1.0148957820900817,경기,0,83.75243063918728,13.79187418462855,0.8215128236051107
342,27.57426031414247,14,9.923919628196852,1.6992251419621054,기타,0,71.3868528026045,9.517037916314226,0.8699296596367662
343,22.158805817425762,14,3.709244790310846,-1.2334484065456066,경기,0,55.2900024545323,7.579045588468353,0.4908870994864227
344,30.462101978768587,16,10.088435805352507,-1.0709155929200473,기타,1,71.22483836481369,10.448684713703907,0.7057162073411185
345,55.50470595125296,18,33.35384216188894,-0.5385663911456475,경기,1,105.81948765675538,11.975194393689973,0.8669607312955084
346,21.650467649791963,16,3.2219183290099194,0.6667372884302768,기타,1,79.98319099131818,13.329396630356944,0.8173651574253691
347,31.527304808470703,16,10.418137371465289,-1.1877359686777071,기타,0,64.7213034998935,10.603162371675825,0.6986462027088374
348,23.758374446131405,9,9.280819592841208,0.03536936365113118,경기,0,59.122446123077424,8.277811100665128,0.483920638114846
349,47.233678011291154,12,25.617551204999288,-1.945766968424685,경기,1,79.35842613260131,7.73869635787215,0.5069909414022807
350,30.080879596724102,14,7.898654155035951,0.21533202141656874,서울,0,63.277431870878615,14.479537698952509,0.8897578605069466
351,39.79419892636997,12,22.998540536072767,0.3957192172390574,경기,1,81.55192243570413,12.655372919394678,0.7356983252723607
352,31.832762554587234,16,5.821990801329712,-0.8401368427323456,경기,1,81.1428861284025,12.726760768417037,0.6625786312341024
353,55.26239582045249,14,37.76252029362904,-0.02676945737063536,서울,1,94.47536615129516,7.0943853747200505,0.9410045909751862
354,48.858985575766425,18,24.754113186895758,0.7161656631547356,서울,1,103.29117725371442,16.147562527679227,0.9701945013978773
355,27.90089084415648,18,2.8652245535545697,-0.9155394395142067,서울,1,77.6514493215808,14.01176747440269,0.8837981919338482
356,44.7844871138508,16,27.68568995292126,0.5838715630676208,경기,1,103.04198809637863,15.424374276233156,0.865818556011695
357,25.403743251090702,12,4.7464677791854415,1.4274768876851474,부산,1,79.00575687086376,16.78545441315428,0.8775335406880042
358,31.91325603845961,12,14.104257642120926,1.3851749781616711,경기,1,72.59890831911532,13.189346592413782,0.7810669999306681
359,34.55800061819402,9,18.40938565430108,-1.0981685410596078,대구,1,61.83584449021389,9.621199678455701,0.5686069008721772
360,36.37639378749056,16,19.458744907673648,0.05845345405046087,서울,1,90.70231778055236,10.79651540311523,0.9276636231556279
361,57.40913592309789,12,37.13622913857813,-0.4276125597429824,서울,1,95.10488229679704,9.35115637251052,0.9093512042176868
362,22.01810810232951,12,3.94916469586096,-0.08541334399152511,부산,1,69.78600878139014,11.348631265836161,0.7571554649470236
363,52.3594877448338,12,32.6908959376288,0.9278575633723468,기타,1,94.73351086006102,10.88515459795338,0.8741352831966505
364,45.0144520866764,12,28.59248965699958,-3.1747350837864783,서울,1,78.579370049468,4.113056401694659,0.6453923355791166
365,52.759168106195254,18,31.25209811496072,-0.7774192107883179,서울,1,108.31357827659005,14.085961684041012,0.9467982499554652
366,30.489181434141457,16,4.167429446379406,-0.5783114908337474,대구,1,79.68390145195139,14.160728979576112,0.7961336071599628
367,20.715903177387062,16,0.0,0.7241744169119608,서울,0,71.53956972031733,14.772615270974509,0.9150103017604944
368,23.180406329361382,14,3.907067501372883,2.085035907901154,경기,1,86.34835177594398,18.912377941257503,0.8382408210403948
369,23.214502511853546,16,2.7949002545588506,0.5449100537252528,부산,1,88.75635559685429,12.441922331937718,0.8874239745128756
370,26.77236307082149,16,3.7357179801388725,1.118379957929554,경기,1,79.80078440330202,15.132537490089488,0.8222979343073692
371,26.954004008002627,16,5.017083904779707,0.5968576837083303,서울,1,91.8554082954894,17.778913631475024,0.9232735995117419
372,47.742367574366256,16,28.214253978149628,1.20603240116446,부산,1,102.07252927047226,16.204281324769997,0.9585131229458002
373,46.79881859141213,12,31.673631772924445,-0.05820339748800283,기타,1,87.54149567045496,12.40682164675893,0.7897818539478486
374,21.269798058957363,14,0.0,0.2872910222838787,기타,1,69.9118218310938,12.487752865118667,0.7249284016706857
375,42.5538855806099,18,18.193604377342748,1.6063002136101756,대구,1,108.84083978621439,17.93639162521002,0.95836006447523
376,57.20564754680076,12,37.76911076148625,1.3816625491962344,서울,1,107.6456582301921,15.3750042170777,0.961307008235909
377,42.9320185124545,16,21.540382872433554,1.7455645146357828,경기,0,86.19225233411487,18.060139577391883,0.9126816466242936
378,37.20886739375147,12,21.134493795430135,-0.19845986243671293,서울,1,74.02653776889518,12.809583820155954,0.8648642061924042
379,25.993001856688394,12,5.670290209912607,-0.5978708205819038,기타,0,58.98060484318679,8.602546053459855,0.5933007645651729
380,45.48052059099189,18,20.605543361974462,0.30503216359703134,경기,1,87.7208557509839,12.374300246185186,0.877415700157392
381,35.48207281869131,14,15.869653375059611,-1.570325402544794,서울,1,69.08689406428049,7.050858718629155,0.799500481431756
382,32.03020392247227,9,18.74289448961615,-2.1806632248262554,서울,0,58.56618819263162,5.181122306002462,0.571433307376486
383,24.642909594988645,12,4.451122822804409,0.5224255076295953,서울,1,68.13612472537528,9.229338725467201,0.857976256412822
384,32.07293891099316,16,9.957197431768073,0.7780582969818569,서울,1,86.71228180499324,16.66598842210079,0.9387772800521523
385,26.788613015894896,12,5.254366622704876,-0.21962967609740924,부산,1,78.39066188758414,14.576380180488481,0.7646781884636273
386,33.840649152254414,9,18.823729361449608,-1.7445154541906167,경기,0,47.307954885250524,4.810402263620891,0.34136719777829627
387,27.570161129529758,12,9.79122109565873,1.792530963656023,경기,1,73.45760683364999,14.980832635544406,0.7934062228512174
388,46.58572849949813,16,20.93922589437075,-1.187203087450285,경기,1,90.71947495818917,10.805971120912911,0.7206131940821855
389,52.98228827414399,18,32.06975218801203,1.0776720805911313,부산,1,117.729930129736,16.47364366382248,0.9712285803797109
390,50.30603706487229,12,34.14605050822973,0.08320768409121772,서울,0,79.74342525935018,8.953343420089125,0.915998886043805
391,36.77880391431339,12,16.027269366935144,-0.10162534978878664,대구,0,70.96832652673605,14.042260921899475,0.7764394031691613
392,29.74657468621087,12,12.534480034778284,1.3313550299013812,서울,1,76.72583132212935,12.957277106162875,0.9157499210423834
393,42.764409732592824,12,25.54605908404527,0.28623639502045745,서울,1,96.72744689405877,12.5307486113472,0.9049835715631671
394,55.92623351416255,16,28.487332404977927,1.9442481375099405,서울,1,118.02157020546024,17.95309107678685,0.9815763034995564
395,49.65468293222187,16,26.30906187946711,-2.180033665636984,부산,1,86.88473386126095,8.408754189272832,0.8124741574476348
396,47.7179818127847,16,26.57277272042238,-0.07959531335803402,기타,1,105.4773686755767,14.971413448606764,0.8676443992317348
397,34.98830420929448,14,10.448718541889887,0.3012027786161736,대구,1,74.12568429293722,11.605576720997085,0.8395460924781435
398,27.05307446156141,18,1.5052448034004562,-0.021153105792523164,부산,1,83.37855014865076,14.20694368102916,0.8952510253855165
399,26.827404679092858,16,6.573587965776984,1.5788229488801173,서울,0,65.2930603050006,15.917076898094685,0.9521975416851343
400,59.73010795363778,18,36.93978970044298,1.1664438483775914,경기,1,112.41549901595104,17.218838807227716,0.945174905638973
401,26.561263511354838,12,4.620864329838407,0.19914948057699813,기타,0,58.421798014888054,14.930585684899288,0.6850350525397326
402,53.706885157161175,16,35.01067110497549,-1.080020123094908,부산,1,95.82450733023772,9.028113858142053,0.898824789805995
403,51.12415317625468,16,30.741667020033592,0.6428667802272177,서울,1,104.15460039627918,13.656394399775982,0.9627209870463811
404,42.51200062654113,12,26.318345308009626,-0.00034806120857943935,부산,1,84.95802632746832,9.581447330444385,0.8597541394698338
405,56.513245578446025,9,48.40186820273628,-1.2586934406443233,서울,1,86.87362160984567,6.561606321503836,0.8227274897677829
406,56.63073567286748,14,36.03503150643935,-1.2759346760865058,서울,1,87.05948850687288,8.04152577071959,0.8961348695242121
407,54.09063716597786,16,35.038220164220704,0.8446500834776106,서울,1,102.23676127736493,16.009827553565703,0.9693656507898294
408,26.422553658519345,14,1.8853900742654481,-0.8495259468814826,경기,0,57.7043118169489,13.432170421403375,0.5554070195239597
409,33.15044840491571,16,12.976466203326666,1.1469412271256516,기타,1,81.6278497456166,11.775385044656005,0.8875787470481317
410,39.55735736204404,18,22.655321966817198,0.310414944226582,부산,1,103.43703614405598,17.806760986619743,0.9411941354662281
411,35.796873796084384,14,18.09473800247965,-0.6675194612581651,서울,1,88.22440363416965,12.403872815294884,0.8656607911824599
412,24.027080829510645,9,7.916211676653755,-0.37061677429236756,부산,0,50.95297436871935,9.024061046217623,0.6512175402427367
413,53.91960062285762,16,27.18867067207372,1.4857118375657625,경기,0,85.71294971261288,13.289673924060937,0.923659128938437
414,31.65064272009898,16,8.277952947539385,-2.575634327525866,대구,1,71.1937812994203,6.393278812409534,0.6053900661862165
415,32.692898044751,12,15.940330849543,0.20634984088229233,기타,1,81.71359535610172,9.297858831748584,0.7342778313861219
416,51.073586145336876,16,23.17882390148011,0.26468488834469267,경기,1,101.08429771566065,14.285367296666841,0.856387271936843
417,33.612462441595895,12,16.275134459042782,1.8861303861552086,서울,1,87.54867012636538,14.503759490061016,0.9414789673645355
418,52.55451374196379,16,29.04791277559668,-0.9780934531848381,부산,1,107.22721254177728,10.972853859560507,0.8959042762280468
419,24.692325210708205,14,2.1871498351027627,0.5022359176544847,서울,1,78.20162227349482,15.083705822972668,0.8876377767070385
420,50.88497088028248,16,29.863633377251443,0.6228516644061569,경기,1,96.79232386553427,10.26169370022786,0.8836811914515756
421,34.57516848989023,9,17.869053527110978,-0.9341117312003807,기타,1,69.50669869512606,7.286694949471268,0.5132813848476795
422,30.723334601631493,12,10.94192274506863,-1.0576893829993703,경기,0,60.96670177751183,6.42761364159653,0.49876030953617917
423,43.68483256985589,12,24.113271509605667,-0.4211578793166271,서울,1,80.54952790576068,6.670541947242629,0.8703718341854414
424,32.30279733132423,16,7.098457842971781,0.9042484804637275,경기,1,81.10675441839672,12.701406645298713,0.8276645063540928
425,45.756286359511456,14,26.710623437232705,0.11692338876553503,기타,1,93.20681164208088,13.025617624567678,0.8376293012014758
426,48.64174719006293,14,23.23440255874095,-0.20655601792095798,경기,0,79.22195335328006,11.810705799271961,0.7688627811567083
427,55.718106291647565,12,38.258985510821034,0.3676069766372812,부산,1,96.18651715103323,13.030380210734258,0.9153479909666731
428,32.78785671777393,14,14.561403742806272,0.723737917750298,서울,0,68.68064948200698,14.110955436255392,0.9215243004754228
429,57.275235751636636,16,38.23445500685292,1.2000900082904686,서울,1,116.72966343974893,14.726134312008668,0.9765211013036927
430,59.43306401063931,12,42.70942646217513,-0.5801852569134638,기타,1,93.14848040598669,7.603238321051775,0.8062246482826165
431,42.72619760615899,14,26.45359947297549,-0.1329974969881975,기타,1,84.57972990866399,10.916404500714691,0.8103922919731135
432,34.77650263338382,16,9.030629161756536,0.6145867068171802,경기,1,94.58713026040861,13.801466165537136,0.816547558456671
433,58.394567784325794,16,35.4092857296457,1.4802286770813466,서울,1,109.25105381603376,16.452794376828173,0.9794090667552021
434,52.24476968930447,14,29.85059147532266,1.4510653809621095,서울,1,96.0635536828414,15.582557043627942,0.9667194117789942
435,42.57109388146758,16,15.067624471477284,2.7455665387041064,부산,1,113.4764429234033,18.241145786858553,0.9752744402357233
436,47.16633268213707,9,33.6038316737598,-1.0852070099208706,서울,1,82.34128644152243,8.379348422950061,0.7835985291917567
437,53.427847974323925,14,35.80737790998883,0.7819762273008912,기타,0,91.10178696873582,11.71986394547395,0.9018205699578791
438,31.758866295872075,12,13.595703141457717,-1.7653788410380498,기타,0,48.2625303372261,11.886982051488971,0.49711126634502945
439,24.79722623645014,14,8.286045077683191,-0.19028898165775718,서울,1,77.59889145259619,13.335394837211437,0.8561482733572503
440,40.79396956104911,12,22.140205180806973,0.7773593563436527,서울,1,81.46781438911532,11.383687598876385,0.9187856667442017
441,37.89872640988064,12,18.635239254940316,0.8244704110629801,경기,1,80.79684728907831,11.675091872324009,0.7607074741505097
442,27.760979490821796,14,9.386407068422443,-0.7945300983948251,기타,1,74.66887590961717,12.575014841424533,0.6574201654745839
443,36.21786907680236,16,15.27035150495119,-0.39385298899796056,서울,1,86.76579344592733,13.988654385059638,0.907218360556666
444,40.0309011209054,16,20.86867258501654,-0.1778553989000814,서울,1,84.95327659333664,14.827668848708823,0.9255580378007714
445,39.65302342649319,18,13.608605765598734,0.44905548193525574,부산,1,94.73467111495086,15.473732747863043,0.9401205235364413
446,42.26641549902548,16,15.876032789337579,-1.2090692292098244,기타,1,89.91122139475097,8.66134035933789,0.7501765336626505
447,40.24902849629105,12,19.52375245338936,1.2747926764328523,기타,1,85.56705985111167,10.813443164958247,0.8503838005262749
448,53.14042681864723,14,30.060411287386273,-1.4971936308453622,경기,0,75.54936873377697,9.436886962372977,0.671464408457988
449,22.137818806374202,16,1.220533454872707,-0.5587284557672493,부산,1,67.84978903397642,14.805210129872046,0.8139066853648781
450,58.21679708200266,16,38.47102459903773,0.4564269083535512,서울,1,102.08825868053695,11.98305144668529,0.9669862342628653
451,24.629235107891105,14,7.630933377046128,0.14425082719518914,부산,1,78.2104976363759,11.486228261609117,0.8376736063575726
452,21.447431037875077,16,0.0,-1.3211611730656707,기타,1,67.57515840390631,8.08079260517887,0.6149974193164125
453,58.418936852211935,12,39.2629806112552,0.87228172437624,대구,1,101.37108796511096,13.869724533009533,0.916609672970888
454,54.44517207042078,12,34.33404353042666,1.9771934452836604,경기,0,88.4800112198062,12.632338503643123,0.9021054551386687
455,58.3742582315416,14,39.532094952960314,3.098634079385212,대구,1,107.0342173870112,16.398571516049333,0.9783766962166253
456,59.79439683052403,9,45.388770942700766,-0.6551459926499283,대구,0,74.31729372834045,3.3189231965980843,0.7811195720480235
457,43.40558670401268,12,26.429866958948885,0.2222236846125428,부산,0,77.89133669415078,8.790074489088102,0.8747385891409938
458,41.94731256565184,12,21.52445240225461,1.0001307851014505,서울,1,89.71815368430833,12.561657230523851,0.9278589279502472
459,30.41316260023299,18,3.2909886557422423,-1.3715397338041386,기타,0,82.33774988715369,10.657870955107542,0.7222005202533918
460,24.755480763626025,12,5.996313742693913,-0.06125836781023208,경기,1,55.38059003453856,10.532068623054675,0.5804068005541599
461,52.32716287148221,16,27.099029213429358,1.773140624820368,경기,1,101.98041358616243,14.848044807130021,0.9311252306765345
462,47.478543467135935,14,32.20111940929508,-0.8216064396938053,부산,1,88.15265853054922,10.317361601752403,0.8653877027826891
463,28.07277700835042,16,7.472103060322923,-1.1326353548333834,서울,0,65.6719348741931,11.284483072297368,0.841557007069387
464,55.597405424507684,18,27.91005874874886,0.4768713592050348,경기,1,107.78883867066709,15.270873356623868,0.9112896620864299
465,40.76137804713615,9,29.12140827904457,-0.10440168054563585,경기,1,63.16542414208605,8.840090036405936,0.5997061309427067
466,27.804696251105963,14,7.041601125068558,-0.9112977593154205,부산,1,74.8601955153113,9.48257834360569,0.7633006204906306
467,40.02730343469183,16,18.25399865773267,0.08157932146620515,부산,1,93.2726097844522,15.826033446552643,0.9108352063418611
468,24.659705355687514,16,5.642304003510045,-0.3773249546941465,서울,0,68.82852081384418,15.254505169670292,0.8766362324700131
469,44.03160711941798,12,27.32366722282632,-2.0750742706124616,부산,1,66.08001335941452,9.606520509489462,0.693457103093811
470,52.73015680743238,16,29.234568881630665,-1.3369859046391253,서울,1,84.6591470635192,8.95989956065308,0.9070769767442499
471,29.630791794207106,12,12.92465037907928,-0.9000993386242342,경기,0,63.122392868118034,6.803132737821485,0.517945456104563
472,42.328539188968335,14,17.72096997650356,0.9073427295892562,서울,1,84.75297850385628,15.037673970937464,0.9414451324607411
473,26.89388147507769,14,2.863980574099882,-0.40773711087426057,경기,0,68.3588655841531,13.144515147636236,0.6136423756316969
474,51.70538090029052,14,33.43215813744637,0.9668846437051587,기타,1,101.51383030185234,16.41211080873372,0.90481184646529
475,31.905250835936627,16,9.657749389902468,-0.08504604969421219,대구,1,79.72493693077851,14.978476627042014,0.8445079422029742
476,58.7907630348965,16,33.9020283821653,-0.6579550502902558,서울,1,88.73582026710588,8.767985840437747,0.9419068167188145
477,42.81627912886309,18,19.115568557020907,0.01198370777638433,대구,1,99.5203223788867,11.0541616764653,0.9132098941588799
478,35.85612500451802,9,22.17077125995894,0.8596347706755046,경기,0,74.86381753657152,9.76570821766983,0.6723091394438601
479,43.010618618984054,12,21.932290605814252,-0.291226302498019,경기,1,91.80259123966337,14.407379092400877,0.6756653656069599
480,20.562476522440484,14,3.509781902130899,-0.050776638333619825,기타,1,84.96280823733142,12.358124992005598,0.6944398776924685
481,51.921393375205,12,37.262604527037986,-0.9671544097635475,경기,1,78.5349762667559,8.55163328371132,0.6742513094472261
482,44.47026924291386,12,28.15005357274731,-0.6536030818954849,서울,1,81.88269662448394,9.204294238752809,0.8634334024427383
483,56.422412987531374,12,34.90557153051677,-1.1223558859708531,부산,1,89.15504211656656,8.329297897738329,0.8342878212998149
484,57.94053456312261,12,40.53628520563985,0.9322597916495772,서울,1,98.96682627124677,14.370163438516055,0.953924511720266
485,52.43759634153159,16,33.46206684869798,0.2977682282768435,경기,0,81.88602171776103,9.82661881842317,0.8734989931465447
486,23.180797579114966,12,3.179628991067375,-0.05439298694867315,서울,0,62.23490087420882,11.809582575645855,0.8127860370253934
487,59.213050490940525,12,38.85629359476553,-0.8810661985761762,서울,1,96.26355130438085,8.158618374726725,0.8940022899897664
488,49.650908275163644,12,28.523950962366623,1.1883376454022687,대구,1,107.6339727526848,15.494334685738975,0.9065675219071696
489,49.052184748534145,16,24.42207960425095,0.7325882227158693,기타,0,93.45952809875209,11.720178008117752,0.9081755089279243
490,35.313242505088624,12,15.525181928137211,1.0051455019293813,기타,1,79.4682155916083,10.562212585431745,0.8121573442733692
491,23.02432838318562,16,2.7143230902879236,1.2944480054661622,경기,1,89.51462819981337,16.93344612612726,0.8227153736474163
492,39.05119519960363,16,20.235974688076563,-0.9421086178254235,대구,1,94.02657190646642,11.623222165700321,0.8194061586761414
493,22.243432907976796,16,0.0,0.02214206349368671,서울,1,77.57825240709475,12.821623662409944,0.8865464168835979
494,43.051246679249005,18,20.670445210635698,-0.2798644769604226,경기,1,95.15520931387283,16.656613329446053,0.8358676465175646
495,51.296982623383,16,31.384389753275507,1.6885592900156197,부산,1,107.56989669755035,18.858433663469235,0.9702309015421949
496,39.22666482716713,16,19.259109277510596,-0.45109246596407643,대구,0,72.78791708892679,13.731623736704302,0.8521517430638009
497,40.28309652147544,14,23.45567067247561,0.24558002976821564,경기,1,81.5493496872978,8.130666448775255,0.779543595656036
498,31.834522308549495,16,6.216877050575701,0.1555858522521751,서울,1,74.13031657872574,10.258256297849076,0.9150294980591762
499,20.521506284621953,12,0.0,-1.4202624398726558,부산,0,58.34183783716239,12.509189058129206,0.5987594733134189
500,38.949390936358526,12,23.927000324703407,-1.2098987739109777,기타,1,69.8501319884995,8.416559789598715,0.6255817280484081
