timestamp,smp,rec_price,lng_price
2024-01-01 00:00:00,111.40149038521267,57.66927470516087,12.07575934319838
2024-01-01 01:00:00,104.47861747751794,50.68922252440392,13.341431975373702
2024-01-01 02:00:00,103.71094051313922,46.486359920436804,11.307245142301957
2024-01-01 03:00:00,100.47961445981547,43.976533585859436,10.49181214564607
2024-01-01 04:00:00,103.31843863258516,52.52702136715499,10.843021524857708
2024-01-01 05:00:00,95.76223588551969,50.979226235053424,11.9769751455535
2024-01-01 06:00:00,83.82637049891432,53.47510347544112,11.271321933054208
2024-01-01 07:00:00,92.83360129947755,42.68887630155079,11.707991454486974
2024-01-01 08:00:00,101.57054581409442,44.1386977355425,11.545966419680557
2024-01-01 09:00:00,101.62744414846397,55.734395996259494,12.990238453705183
2024-01-01 10:00:00,100.41379052585847,51.6567082338967,11.413034312907678
2024-01-01 11:00:00,105.48708267985032,52.66700425618781,11.62265792305219
2024-01-01 12:00:00,94.18853954549984,45.18656483946023,12.717283581158776
2024-01-01 13:00:00,100.26681057110535,45.09506400835541,11.435018088967924
2024-01-01 14:00:00,105.72092778404921,54.956293290960446,12.423212374457018
2024-01-01 15:00:00,99.15110181497647,55.19188827382575,12.33148526202176
2024-01-01 16:00:00,87.56676071593901,44.55840256485473,12.14176585896108
2024-01-01 17:00:00,90.38511630344462,43.603147520735774,10.86560361729351
2024-01-01 18:00:00,108.30852324279367,49.45703514643778,13.229774224521936
2024-01-01 19:00:00,113.92472162942573,46.003257733119966,14.220683796583113
2024-01-01 20:00:00,111.75283107824049,45.899115604769875,12.008828138267395
2024-01-01 21:00:00,102.32155949742035,43.743108767863035,10.953645126629624
2024-01-01 22:00:00,87.96867397983307,47.657830758598166,12.029102708325023
2024-01-01 23:00:00,99.93648443227131,44.22652628683567,12.989860140586
2024-01-02 00:00:00,115.62255131950421,44.52299548495382,11.384812324284393
2024-01-02 01:00:00,106.18488380456475,51.49195923283152,11.87110081588181
2024-01-02 02:00:00,97.92522477316128,49.724008828563115,12.340654136412141
2024-01-02 03:00:00,106.28625232841216,52.42439340766066,13.203047852205925
2024-01-02 04:00:00,87.30604793384396,41.754832823253466,12.775423733089374
2024-01-02 05:00:00,93.04328622151797,50.049403049148815,12.816867969532263
2024-01-02 06:00:00,89.15808608977676,60.37818771082919,11.573731443323576
2024-01-02 07:00:00,104.69571818348433,48.138637578572,12.401918955173922
2024-01-02 08:00:00,107.14103499720093,54.12374503286149,11.27803667287487
2024-01-02 09:00:00,98.46173972801634,54.08003424387212,12.84552609988521
2024-01-02 10:00:00,91.27070323260435,54.32599304000638,13.151219640785614
2024-01-02 11:00:00,99.80250906465373,50.83330843528661,12.553363568772623
2024-01-02 12:00:00,95.13420109326192,52.83042991372107,11.632589413205185
2024-01-02 13:00:00,92.03829295306255,53.495068100065026,11.796272871958402
2024-01-02 14:00:00,103.38993685309246,53.17723014157179,13.806516210662009
2024-01-02 15:00:00,92.42007777481327,44.41290913243302,11.649289555376503
2024-01-02 16:00:00,84.33650267035907,41.46307758728007,13.049994167450569
2024-01-02 17:00:00,86.55885529636814,42.232082282925965,12.338891598218522
2024-01-02 18:00:00,83.9673953318405,48.64920003808668,11.665863551540157
2024-01-02 19:00:00,102.47511916576204,52.96963367211322,10.655350972530576
2024-01-02 20:00:00,101.50405438176163,44.477943612442076,12.211600380588507
2024-01-02 21:00:00,101.00520094508163,54.61985229292202,12.091100866606123
2024-01-02 22:00:00,105.87731652479943,47.48862412746057,13.806534671459334
2024-01-02 23:00:00,111.91958856117117,47.53622394402961,11.139807304577502
2024-01-03 00:00:00,94.07733469174885,45.819465020601996,14.294768591547784
2024-01-03 01:00:00,104.06477477238418,40.57606820491863,12.378810529496594
2024-01-03 02:00:00,84.20384492594123,51.14657064217324,12.377829221222157
2024-01-03 03:00:00,113.78709746263351,58.56333856419285,11.40692786556777
2024-01-03 04:00:00,87.55168761781843,49.68667738233718,12.314706307554468
2024-01-03 05:00:00,92.89918880959563,40.74684179152574,12.473050928233214
2024-01-03 06:00:00,94.02290486266908,53.901714058082234,12.937327291820877
2024-01-03 07:00:00,84.73729003277788,41.87601004948505,11.021677792408058
2024-01-03 08:00:00,100.32575577408562,43.954828015054076,13.406780855788039
2024-01-03 09:00:00,102.13903868201481,48.80830913843214,12.36141552377198
2024-01-03 10:00:00,98.1058632901845,50.61421719270099,12.608228895307311
2024-01-03 11:00:00,84.59752367968923,44.95667999416586,11.77905773849524
2024-01-03 12:00:00,119.83386234851712,48.613419717170096,11.07185736172095
2024-01-03 13:00:00,105.49230796501648,53.57581200380342,12.072724627403288
2024-01-03 14:00:00,126.34222043649959,54.26089442404009,12.187295549823219
2024-01-03 15:00:00,91.94890760113708,56.257282109071326,10.614571731885508
2024-01-03 16:00:00,109.57882228176976,59.54709326146747,12.793285405165125
2024-01-03 17:00:00,107.79273887394163,54.04944660830559,12.99652463389658
2024-01-03 18:00:00,97.09424896902638,48.9163174279788,11.270335376178874
2024-01-03 19:00:00,114.11050901059224,54.29656895561486,10.977414649727908
2024-01-03 20:00:00,95.94589992386221,52.33358117002591,11.6970386231257
2024-01-03 21:00:00,96.39108580575393,52.53183488763127,12.0238950969863
2024-01-03 22:00:00,65.28570108061618,50.88609392535843,11.735828990084666
2024-01-03 23:00:00,104.09028053742637,45.439729489230466,11.939082167229216
2024-01-04 00:00:00,86.74490088317593,44.85951796089035,12.221477697675915
2024-01-04 01:00:00,94.49278804304488,49.51440899462429,10.63173106127437
2024-01-04 02:00:00,89.73780361254973,50.74455037923186,10.746704372696735
2024-01-04 03:00:00,96.33768460681739,46.60279538534144,9.277722259076855
2024-01-04 04:00:00,104.43880230217435,52.116709743042875,12.942545228453472
2024-01-04 05:00:00,100.11141563048757,60.40382952019595,12.015227020617449
2024-01-04 06:00:00,107.09641290505807,41.27834640360871,13.047851131465157
2024-01-04 07:00:00,112.65629535585632,52.9112223878188,10.862262004188608
2024-01-04 08:00:00,96.31204063322164,49.67012689554595,12.024407339533163
2024-01-04 09:00:00,95.21432757983887,52.25327777667327,12.214826506116601
2024-01-04 10:00:00,109.5772765366201,47.846426497698545,11.438217505169986
2024-01-04 11:00:00,110.3704728873993,49.269700574764165,10.446572201533208
2024-01-04 12:00:00,107.40590868103047,50.64750225504049,13.745871336135156
2024-01-04 13:00:00,90.47821193260651,48.4918305823237,13.399283341270051
2024-01-04 14:00:00,104.22655065501604,42.39729341315051,11.618067728274635
2024-01-04 15:00:00,101.09470604047289,48.83042484677773,12.510227645169607
2024-01-04 16:00:00,110.52528941349664,42.91783185901903,11.515209323643107
2024-01-04 17:00:00,94.27127910462251,53.26596555290155,11.004596396975252
2024-01-04 18:00:00,83.33389708850083,40.67227449460939,13.827261504957013
2024-01-04 19:00:00,106.90236800380272,55.14327189727945,10.344631118594199
2024-01-04 20:00:00,74.41631616742897,52.1478150010174,11.714496303028884
2024-01-04 21:00:00,92.6848659610367,52.166943078669476,12.084323827242233
2024-01-04 22:00:00,89.76804488681705,39.1784506607608,13.651236578687286
2024-01-04 23:00:00,89.70065329094253,48.357002809542216,12.896588654236018
2024-01-05 00:00:00,92.50968529044904,55.7678171432993,10.32775022543268
2024-01-05 01:00:00,112.17373569751629,47.40696010484853,11.997249758965818
2024-01-05 02:00:00,108.20555419006374,44.60968925018143,12.02106019836436
2024-01-05 03:00:00,97.48269318007495,46.81664952497144,11.771661664700558
2024-01-05 04:00:00,111.33623471859049,49.65861188680331,12.619809107530301
2024-01-05 05:00:00,89.37702844833626,45.743147748435945,10.590893072244024
2024-01-05 06:00:00,88.01716614252842,56.16908616044647,11.59136408746333
2024-01-05 07:00:00,108.6359665924659,49.67666235004804,12.478818748213076
2024-01-05 08:00:00,105.79643229322647,47.222153260260356,12.679575685160641
2024-01-05 09:00:00,95.39736598416677,43.493282365822104,12.149419473509196
2024-01-05 10:00:00,88.64539106301869,52.42223302639469,11.711607799699701
2024-01-05 11:00:00,114.5973187503794,52.30833147355682,11.880058726373527
2024-01-05 12:00:00,82.79897449052181,46.03895546907654,12.740407122377237
2024-01-05 13:00:00,94.0157406465644,38.818354858429274,12.03390078412546
2024-01-05 14:00:00,102.28576527517897,52.05381094787942,10.958152454559471
2024-01-05 15:00:00,118.02164808431445,49.06598304369499,10.766502416055097
2024-01-05 16:00:00,103.83100212073221,51.68035583962835,10.51036257856389
2024-01-05 17:00:00,104.80304653013299,59.785872668198195,13.455580818489354
2024-01-05 18:00:00,94.30616299851873,49.8658407814547,12.807461835612445
2024-01-05 19:00:00,105.68480225274598,47.43080691578614,11.893512116819453
2024-01-05 20:00:00,101.05309320879087,44.2633901617583,11.546207514835917
2024-01-05 21:00:00,84.11535459582441,48.437891042524754,11.426069992032643
2024-01-05 22:00:00,107.92934853493107,50.80288674807821,13.09323710758221
2024-01-05 23:00:00,109.7039338984685,50.2665371029938,13.90443350817474
2024-01-06 00:00:00,108.03365048821163,58.61732670033551,11.394607076072461
2024-01-06 01:00:00,100.33327925665802,52.49542782732971,13.138415520655709
2024-01-06 02:00:00,90.43823116850353,49.32599564246395,12.02801291535889
2024-01-06 03:00:00,76.90816268715135,46.46719710583264,11.787571070089534
2024-01-06 04:00:00,101.57053605401451,51.3333638189166,13.504214282829924
2024-01-06 05:00:00,110.8194205974085,45.464959208086704,11.989834279257224
2024-01-06 06:00:00,109.9553246908308,50.89915539768953,12.296364439254635
2024-01-06 07:00:00,108.16072843393847,52.437069634524214,12.248273932911445
2024-01-06 08:00:00,99.25789021450609,48.917738886142764,10.374400633340548
2024-01-06 09:00:00,110.87464174031497,46.84856777967429,12.288411148716062
2024-01-06 10:00:00,109.24161823855903,39.073515763325474,11.437307975559767
2024-01-06 11:00:00,95.77366439278441,55.71918363210195,10.578846859854378
2024-01-06 12:00:00,106.76598016615847,52.01650195122641,11.482862919551238
2024-01-06 13:00:00,94.64040854590708,52.138086407923915,11.474611130363055
2024-01-06 14:00:00,105.40024231616923,42.1932383211135,13.02988253913033
2024-01-06 15:00:00,87.00883355698933,56.899193498700285,10.936210383897969
2024-01-06 16:00:00,87.77788191327079,47.6739156669096,11.210152560950746
2024-01-06 17:00:00,110.58207046943907,48.55602348650257,12.235388260548012
2024-01-06 18:00:00,109.37560122204765,44.653565722905874,10.674206228645753
2024-01-06 19:00:00,106.3361154057583,41.06527134330076,11.340993241767666
2024-01-06 20:00:00,100.8796882105283,55.78673155861783,10.335523264666778
2024-01-06 21:00:00,76.0872556897585,56.43298684698812,12.920011460005396
2024-01-06 22:00:00,99.25124061793511,49.172359243233366,11.698636879559814
2024-01-06 23:00:00,104.54183167189838,46.60307715096825,11.984082154997758
2024-01-07 00:00:00,94.65266752440408,48.11477915432871,12.91601031979109
2024-01-07 01:00:00,92.87505807191762,48.251925049822255,11.277731116346112
2024-01-07 02:00:00,114.44420388153692,44.000701389102005,11.688012991351997
2024-01-07 03:00:00,99.39711008608388,48.5387239227808,10.943672000694258
2024-01-07 04:00:00,104.54795169642381,50.76550996467163,10.941496279004188
2024-01-07 05:00:00,107.74131461619365,55.09078623824376,11.079417105994121
2024-01-07 06:00:00,89.98562923494922,50.07122082006856,11.507509609166334
2024-01-07 07:00:00,101.93207422714194,42.11824145550282,11.615204465826935
2024-01-07 08:00:00,113.19644494477299,51.76773931599338,12.28863215089838
2024-01-07 09:00:00,118.19223183299721,48.720347191651236,11.1087830519581
2024-01-07 10:00:00,100.3993639721469,56.85204846991933,12.319632675917477
2024-01-07 11:00:00,97.62056452652925,57.147289010220035,12.485001291523227
2024-01-07 12:00:00,102.69024068137533,57.3222715613365,11.532177817167733
2024-01-07 13:00:00,102.43637047027521,47.1920603231336,11.195275427581619
2024-01-07 14:00:00,113.86758066131154,59.949275366687786,12.08507903197999
2024-01-07 15:00:00,90.03608310832932,51.754712524478535,11.797082536989555
2024-01-07 16:00:00,97.20126913833978,58.13190202834316,12.220351829273545
2024-01-07 17:00:00,88.82858673123489,47.4869019308412,13.569866436259968
2024-01-07 18:00:00,89.87905114202422,48.507016311951865,12.068637048427716
2024-01-07 19:00:00,103.76574015139124,51.37013676336043,11.360769438719869
2024-01-07 20:00:00,108.09857841637026,50.759388048069695,11.10911038805794
2024-01-07 21:00:00,93.50608306256255,56.27405971734585,11.147798368678416
2024-01-07 22:00:00,107.72094788975289,48.839353407257725,10.53723369288888
2024-01-07 23:00:00,111.11578657131969,55.82307495155178,12.932743608345579
2024-01-08 00:00:00,119.3470599843339,53.66117253566327,9.766721180644236
2024-01-08 01:00:00,100.6974684884105,48.933038906964256,12.488104817719305
2024-01-08 02:00:00,93.60235472555867,53.27338308741157,11.13193609332477
2024-01-08 03:00:00,89.97528068394105,47.633674765834755,11.487594785375883
2024-01-08 04:00:00,88.98206802080107,61.75102900002861,11.102012358455612
2024-01-08 05:00:00,112.49780701403607,36.678338394627765,13.44586465964203
2024-01-08 06:00:00,84.84904657044349,53.36471602247519,12.016315601685777
2024-01-08 07:00:00,112.177484856512,41.177020453614766,12.790378525042852
2024-01-08 08:00:00,91.31558970747851,48.87171648390966,13.300526858596006
2024-01-08 09:00:00,93.14793802140595,49.57195955264377,12.163405474022404
2024-01-08 10:00:00,98.4844454499002,57.53816779456842,10.804376229144788
2024-01-08 11:00:00,92.96345450433489,46.53923893961555,11.779357249884228
2024-01-08 12:00:00,109.31979754959575,56.54005957830889,11.257751986433798
2024-01-08 13:00:00,118.13343951982776,44.10591679887602,11.4964958381127
2024-01-08 14:00:00,93.42567842446863,56.73334861877433,11.905376207350711
2024-01-08 15:00:00,95.67762160835373,47.62827279048263,11.865844357907736
2024-01-08 16:00:00,98.36679192716102,50.36717259620559,12.412109161020286
2024-01-08 17:00:00,105.41056763492638,48.31810668444798,12.557304293780486
2024-01-08 18:00:00,98.46515721044143,56.41181737057802,11.865854823733542
2024-01-08 19:00:00,113.87257411052596,55.438699216168736,12.403468918107917
2024-01-08 20:00:00,111.46623916561927,52.21750860292262,11.450640145064558
2024-01-08 21:00:00,88.145376464049,44.24065807706613,13.314779825596503
2024-01-08 22:00:00,105.20968165574828,46.424890659848785,11.434488711782354
2024-01-08 23:00:00,115.20339237309503,44.857117372469375,13.197186484622428
2024-01-09 00:00:00,95.05219054233116,38.75928556603918,10.523932908228279
2024-01-09 01:00:00,97.05735128206443,56.30659050925023,11.619592742589154
2024-01-09 02:00:00,94.71963002147045,48.36088236828652,11.669021826386395
2024-01-09 03:00:00,94.92924384476494,48.307530178538514,12.278991794748475
2024-01-09 04:00:00,83.31548448088952,57.4805111671278,12.861816803218824
2024-01-09 05:00:00,86.7168504853495,47.620056988068164,10.750604796940472
2024-01-09 06:00:00,100.7747371873723,45.79764532157034,10.892016957957093
2024-01-09 07:00:00,115.13597974652778,48.87627189742508,10.598091932283761
2024-01-09 08:00:00,93.86639187481717,44.336654740615515,13.320184197198417
2024-01-09 09:00:00,93.57242697051441,51.72177884643978,12.297604942797122
2024-01-09 10:00:00,117.01521070420735,48.131689608679146,10.915628791542877
2024-01-09 11:00:00,88.91742538184013,47.46364294703094,11.55690512604393
2024-01-09 12:00:00,83.38756837293579,47.03048413989849,13.181761395661495
2024-01-09 13:00:00,91.71484563862501,49.468892530789944,11.721880769688761
2024-01-09 14:00:00,93.37215521205634,50.41740562759925,11.662811862208827
2024-01-09 15:00:00,82.52546915304934,47.40012455796239,11.218703293176942
2024-01-09 16:00:00,98.71958293725389,48.20617031952427,10.975007686181238
2024-01-09 17:00:00,109.48446349861536,49.59238586590325,13.183323810443156
2024-01-09 18:00:00,87.14045226285174,49.08790932230231,13.67390158874206
2024-01-09 19:00:00,100.8757821895359,50.15537983437507,11.014805597212652
2024-01-09 20:00:00,103.95935675626774,46.61664598375993,13.40494232921812
2024-01-09 21:00:00,99.16615724725708,55.022964545632455,11.512610583709895
2024-01-09 22:00:00,101.85692589741059,50.48414088704759,12.533647995368888
2024-01-09 23:00:00,101.9732726259521,47.48076623587561,13.410213804814408
2024-01-10 00:00:00,91.87272043081568,51.72192108689268,11.854923404296368
2024-01-10 01:00:00,114.98582572011868,49.62815700590643,11.672058079732642
2024-01-10 02:00:00,112.47756834076216,41.33086822758166,12.801080963788186
2024-01-10 03:00:00,111.89911397241167,51.704763451108136,10.89004716296375
2024-01-10 04:00:00,110.13675740543863,44.902468988079065,13.14706137784043
2024-01-10 05:00:00,84.25020530566977,54.672138916156534,12.142809392442583
2024-01-10 06:00:00,109.26062377811967,48.79125180553277,11.422249491845823
2024-01-10 07:00:00,106.55601427549507,53.900351486955316,11.395832396684145
2024-01-10 08:00:00,84.63476385056217,46.84890723401197,10.616537488171634
2024-01-10 09:00:00,97.85089644849921,50.3496463357032,11.46382783337601
2024-01-10 10:00:00,102.76793449325288,56.051217502534385,11.735962238005598
2024-01-10 11:00:00,116.64317098124636,48.65491726792589,10.938706468288519
2024-01-10 12:00:00,107.24723857894259,47.045914506320976,11.954535023870996
2024-01-10 13:00:00,91.35434272721699,53.275203068908944,12.472917084525495
2024-01-10 14:00:00,116.95388458451963,53.178307983754806,11.78652786400058
2024-01-10 15:00:00,100.43779762713889,47.256254332925906,12.662725826519267
2024-01-10 16:00:00,97.44158863096908,40.07269489791119,11.192860017020664
2024-01-10 17:00:00,96.72881803411188,46.94988511250822,13.00338276421994
2024-01-10 18:00:00,83.76444761976867,53.38679760843211,12.121814705774858
2024-01-10 19:00:00,98.90230496183858,46.12482905288138,13.545257169754743
2024-01-10 20:00:00,104.97485257305658,49.945310814919026,14.414217312238733
2024-01-10 21:00:00,96.14616672474784,46.71257531016828,11.529756407696718
2024-01-10 22:00:00,104.20452477247558,40.339164187369754,11.570936123098543
2024-01-10 23:00:00,91.3560892908582,46.622594114800364,11.753757878051282
2024-01-11 00:00:00,98.5907208572238,53.36566010344856,12.595702250175515
2024-01-11 01:00:00,103.16540326608632,38.14873759967094,13.32596997047509
2024-01-11 02:00:00,101.8966087706342,51.26083675237788,11.347191515830197
2024-01-11 03:00:00,83.94534910280953,44.06965384300293,12.381244266478072
2024-01-11 04:00:00,95.60994049128772,53.04221034737096,11.864072710144233
2024-01-11 05:00:00,116.77462930312606,53.57159467936827,12.618109102540588
2024-01-11 06:00:00,95.07553925669482,49.14026032544362,13.50945769340769
2024-01-11 07:00:00,100.1580754411184,49.15165920609389,11.759671762566985
2024-01-11 08:00:00,99.13244249451056,45.96818651431849,10.330132333326269
2024-01-11 09:00:00,115.68239758919651,43.272082999475174,12.743901676880293
2024-01-11 10:00:00,112.9036812219467,58.490464531668664,11.167294781394547
2024-01-11 11:00:00,108.07530999818809,45.67464286414436,11.856884263036223
2024-01-11 12:00:00,90.26757686627467,57.83898065598236,12.787030836871613
2024-01-11 13:00:00,103.5918304919208,45.702499800999114,12.297394853531108
2024-01-11 14:00:00,105.67941743075131,52.62595195168864,11.898279974446956
2024-01-11 15:00:00,93.01395164403945,44.31096420173183,11.42411828754168
2024-01-11 16:00:00,91.29482894152311,52.616975084510074,9.100106219725001
2024-01-11 17:00:00,117.0501414720703,48.37206321423439,12.698320815756203
2024-01-11 18:00:00,96.9919668778307,48.43741919662165,11.747048300774235
2024-01-11 19:00:00,116.14976818911148,53.05011584892225,13.513336278355725
2024-01-11 20:00:00,109.97093755494534,47.65429317460451,12.39802802996187
2024-01-11 21:00:00,104.07876782375321,42.85925752277451,11.458874627465157
2024-01-11 22:00:00,104.52531436359484,53.80652781704726,13.06687008837604
2024-01-11 23:00:00,85.99580439669232,44.27049705008836,13.15112940595819
2024-01-12 00:00:00,102.06774779834416,52.58258642198955,11.780968185647522
2024-01-12 01:00:00,114.17020412981627,54.864982726665005,13.193644865573228
2024-01-12 02:00:00,106.81339503185609,48.122530568238915,11.444691944613952
2024-01-12 03:00:00,101.5433668706441,55.91176422045892,12.159647769407902
2024-01-12 04:00:00,117.11937195817029,52.40891853930642,12.57140838771878
2024-01-12 05:00:00,98.14959277339196,46.52069289927612,12.784781584014189
2024-01-12 06:00:00,93.80444324978316,57.00714501133037,12.62152184861589
2024-01-12 07:00:00,101.53831916078256,44.29164089130305,11.667342819436827
2024-01-12 08:00:00,107.66467368111596,48.116497850482176,13.093697640691442
2024-01-12 09:00:00,82.82205904191738,48.96842598190336,11.875572676893581
2024-01-12 10:00:00,102.84868643490418,53.026118505091276,11.430972637724807
2024-01-12 11:00:00,108.1034501553631,55.577166486905675,11.44566203268667
2024-01-12 12:00:00,97.3035837470314,55.263957784513565,13.939988391476335
2024-01-12 13:00:00,111.06964766302642,51.118741597871534,11.258016571908055
2024-01-12 14:00:00,106.4118666241107,48.59865447768217,13.291635226760446
2024-01-12 15:00:00,121.41383118511078,40.87007879186185,10.86453330418983
2024-01-12 16:00:00,92.49397102418784,43.42927072772392,12.487905445074187
2024-01-12 17:00:00,108.30709850496089,58.833277446457174,12.297083451490835
2024-01-12 18:00:00,89.82676092202595,40.8196400624873,13.621226879726228
2024-01-12 19:00:00,83.84633548723274,46.07754678378945,11.345598104831485
2024-01-12 20:00:00,79.64469157182127,55.72303141025045,11.069335782039612
2024-01-12 21:00:00,105.38324022396927,51.04856649598683,11.883489621653018
2024-01-12 22:00:00,101.84247913944102,54.64022535502846,13.664801829240453
2024-01-12 23:00:00,95.20948942638246,52.714141756353385,11.115841520056232
2024-01-13 00:00:00,82.26495666050387,57.347912686804435,9.4115833677958
2024-01-13 01:00:00,93.09613373861323,51.47713643282442,12.059767837373283
2024-01-13 02:00:00,100.04093007675456,53.317238645757556,12.949522917961009
2024-01-13 03:00:00,107.93169366793097,46.3787673397083,10.986194067360136
2024-01-13 04:00:00,99.83464249752375,52.93166487789068,12.847932173353264
2024-01-13 05:00:00,102.52060342705278,48.019369510053856,10.964089014987543
2024-01-13 06:00:00,96.23867619025864,47.734470660096434,11.853441464308322
2024-01-13 07:00:00,117.49224202527154,54.473617573235686,12.752682315286057
2024-01-13 08:00:00,89.81750355671772,54.50811688029682,10.81253459826156
2024-01-13 09:00:00,93.00761782714872,58.442210778730654,12.181513331507555
2024-01-13 10:00:00,95.07641926006487,58.116315927431,13.214973511292238
2024-01-13 11:00:00,105.42704397976723,54.586575806793874,12.47393409921135
2024-01-13 12:00:00,89.6114021021312,41.39777194881644,11.279373942409233
2024-01-13 13:00:00,101.35718590547998,59.13840491474848,13.518718352716794
2024-01-13 14:00:00,101.64910143426557,54.589838353331814,12.65839251192249
2024-01-13 15:00:00,93.0564202926662,46.17069954956849,10.139552000075692
2024-01-13 16:00:00,103.29979460956856,53.64454577781391,12.864243614734226
2024-01-13 17:00:00,89.92186101262568,44.81367129518636,11.428625747582723
2024-01-13 18:00:00,88.82925857538254,53.09315060054871,12.196563547642464
2024-01-13 19:00:00,100.9960575652144,43.4186497946295,13.008004004293259
2024-01-13 20:00:00,83.40244414521938,45.95890795606682,11.450395415335166
2024-01-13 21:00:00,78.55197297449763,53.54964564600263,10.354407385958186
2024-01-13 22:00:00,105.328333007968,55.36443371496447,13.505545191905828
2024-01-13 23:00:00,110.48969942591171,51.62718429716905,13.164583471201947
2024-01-14 00:00:00,95.33196881307471,48.569156816560145,11.912743986817054
2024-01-14 01:00:00,93.31929347902229,39.42566852491505,12.853421451492116
2024-01-14 02:00:00,110.0553522597456,48.9548945017432,11.630613267936315
2024-01-14 03:00:00,88.5446178200108,52.66742538412264,12.09697017676085
2024-01-14 04:00:00,86.36627375278842,48.416174470321764,11.85571205736326
2024-01-14 05:00:00,107.07636423708487,49.88711029452791,11.671055914642698
2024-01-14 06:00:00,100.09038186512308,49.0719126604104,12.359302580085755
2024-01-14 07:00:00,110.64876739290239,48.39146891089283,10.791821176354413
2024-01-14 08:00:00,78.59734121222021,50.37938694979906,11.74841916923442
2024-01-14 09:00:00,85.99326008881437,48.636527089237696,12.314479472483406
2024-01-14 10:00:00,100.14332059844156,57.21644776815971,13.838100707961637
2024-01-14 11:00:00,104.17673698483786,38.967905758081336,10.832465784687304
2024-01-14 12:00:00,108.46997087689459,47.270787070144614,12.520553057732426
2024-01-14 13:00:00,101.74817768808778,45.648718882413874,12.63014877642786
2024-01-14 14:00:00,101.6465515535857,51.09555300017205,10.123281269317264
2024-01-14 15:00:00,96.10598456969801,50.38572392941563,12.410532014409252
2024-01-14 16:00:00,115.90904904904518,58.110965507747146,12.88028507898378
2024-01-14 17:00:00,88.96976544529502,59.75571024148897,12.588652679382434
2024-01-14 18:00:00,103.5902015255594,46.13458272214759,11.916072745127325
2024-01-14 19:00:00,90.1219116541198,50.00250032516815,12.33324003652243
2024-01-14 20:00:00,105.3477854580501,50.98152208462178,12.16984469724903
2024-01-14 21:00:00,89.62982430612234,46.01093125831332,10.310542661684805
2024-01-14 22:00:00,107.43815698500458,53.14191018018811,12.193320324754467
2024-01-14 23:00:00,101.12104946824518,48.80246315617528,11.632929594018327
2024-01-15 00:00:00,117.44639173258682,44.66182574699511,11.295177829002018
2024-01-15 01:00:00,97.18980352728414,48.602158478667285,14.484969953586655
2024-01-15 02:00:00,104.24966116247545,45.01162713629675,13.252615719619557
2024-01-15 03:00:00,92.20343719539291,55.18323414709628,10.849827939685612
2024-01-15 04:00:00,97.12106993558706,59.50779627556835,12.34663619656584
2024-01-15 05:00:00,101.05749479444353,51.224096869472696,13.458025275564324
2024-01-15 06:00:00,84.72780077528625,50.55638384026638,10.503800845923998
2024-01-15 07:00:00,85.82376065815228,50.76217383437093,12.076983141407155
2024-01-15 08:00:00,105.99859299835646,55.911170144691575,12.124072725719493
2024-01-15 09:00:00,98.5391317846832,55.80349501798592,10.725507117500978
2024-01-15 10:00:00,94.07073466951978,49.421732157258845,12.379550304612229
2024-01-15 11:00:00,92.63013819583244,51.262949636895456,13.116246390518125
2024-01-15 12:00:00,93.01511204276306,53.263232035885395,13.508047591419153
2024-01-15 13:00:00,101.12550715008229,44.31156271724633,11.750635898374055
2024-01-15 14:00:00,104.4503586411619,56.063041187102286,14.501645035135112
2024-01-15 15:00:00,79.07892770374775,58.67415945613614,9.942033246603245
2024-01-15 16:00:00,114.12834056769893,55.82516052419729,12.356216709814463
2024-01-15 17:00:00,113.41700762941993,43.77203044192723,10.587705680070144
2024-01-15 18:00:00,76.693452364531,40.14999772290563,12.0901826374969
2024-01-15 19:00:00,110.85926696322798,53.54359336758966,11.47809324989497
2024-01-15 20:00:00,110.55218851331043,46.19905275518957,12.506877456390562
2024-01-15 21:00:00,100.00445494187545,51.43566677061493,11.873119285897806
2024-01-15 22:00:00,87.02831378115124,57.67574360003774,11.174015821973484
2024-01-15 23:00:00,110.15228091665072,46.71522411800795,11.23970905243602
2024-01-16 00:00:00,97.58768933702649,48.1122267179552,13.932459497449553
2024-01-16 01:00:00,105.48878843818956,51.383614862941585,12.443523738462416
2024-01-16 02:00:00,122.1920127196178,43.51245180008885,10.297871293461611
2024-01-16 03:00:00,102.51836750623619,46.21071901997062,12.550787735116764
2024-01-16 04:00:00,90.83115308281438,50.12428751875635,11.805323337642003
2024-01-16 05:00:00,96.64269005080278,48.497725655911246,12.00460108709714
2024-01-16 06:00:00,92.10554639759012,53.04203876899613,12.819888153981797
2024-01-16 07:00:00,104.33489717448522,63.829898072196336,13.183227173712845
2024-01-16 08:00:00,91.93932441250195,50.49569169709062,11.14118727207931
2024-01-16 09:00:00,95.27148577650357,45.791440269809954,11.970258345844616
2024-01-16 10:00:00,87.155696255924,57.09120177378782,11.45388899726143
2024-01-16 11:00:00,98.67912994480857,42.055907623398895,12.596862181074263
2024-01-16 12:00:00,101.7675479330205,43.05545914485447,11.76769550626383
2024-01-16 13:00:00,73.15211952882507,47.024482806761384,12.029251479701875
2024-01-16 14:00:00,102.59573561480221,48.58556639740187,11.729723238989836
2024-01-16 15:00:00,99.5429976890322,46.90463631741396,11.893880484430667
2024-01-16 16:00:00,92.35008051243872,49.84243837788488,13.704651005928135
2024-01-16 17:00:00,120.28628924269873,51.373709513731725,14.390766164767724
2024-01-16 18:00:00,109.58476527604755,55.34479767637569,12.377092093742476
2024-01-16 19:00:00,89.03597513848598,50.45594136921891,11.900030220183098
2024-01-16 20:00:00,108.3823687957114,47.19026876152449,10.404363239110317
2024-01-16 21:00:00,112.44498076021058,55.07322693219706,11.239581800188626
2024-01-16 22:00:00,101.32020922617558,45.911422621349345,11.873263964214093
2024-01-16 23:00:00,103.61442036947325,41.83698627156338,11.284936779362575
2024-01-17 00:00:00,103.3834666692159,56.02978008952271,11.390099237128078
2024-01-17 01:00:00,79.14184141076711,55.70926622405486,13.575389474056166
2024-01-17 02:00:00,98.131304031496,46.03850803897947,12.028790813738482
2024-01-17 03:00:00,97.61087158015971,48.004505730895374,12.118211991401937
2024-01-17 04:00:00,114.30155636559878,45.415362273350354,11.325809439661773
2024-01-17 05:00:00,103.33727863561873,51.63312108782567,13.177544724769586
2024-01-17 06:00:00,97.02389037883304,58.66024645684041,11.787421372011432
2024-01-17 07:00:00,99.09875259008989,53.51440899297561,11.479136334849144
2024-01-17 08:00:00,110.23385581627402,55.17862321291516,10.419249182690558
2024-01-17 09:00:00,98.15415336754684,54.09864165845506,11.938898086248633
2024-01-17 10:00:00,93.0180446690839,49.99940425720453,11.447941998222598
2024-01-17 11:00:00,97.24297807079134,55.41670218955658,13.6845797460169
2024-01-17 12:00:00,109.40696143822683,53.725152814564,13.84389869200195
2024-01-17 13:00:00,104.96164905597936,57.19722857576568,10.764719505233725
2024-01-17 14:00:00,100.44267973349113,47.70225529419122,10.877846762119002
2024-01-17 15:00:00,101.9153929944483,41.30944180227307,11.723680364873552
2024-01-17 16:00:00,94.40257526404518,55.22625507436539,11.183962104605728
2024-01-17 17:00:00,98.06050599557346,51.74884760303029,12.217416575686713
2024-01-17 18:00:00,93.36695678225483,48.51976949839382,11.673376510914432
2024-01-17 19:00:00,97.05220715700257,48.799235938462544,12.280532340555258
2024-01-17 20:00:00,113.46178263626625,62.77343162951058,13.016093521646967
2024-01-17 21:00:00,89.2212818862281,46.78902673732865,10.935778489664493
2024-01-17 22:00:00,93.11282333577086,45.73348346586833,12.995211222477398
2024-01-17 23:00:00,87.45701137064248,50.426421167466756,11.271347585679823
2024-01-18 00:00:00,85.29091242812402,55.90245438986481,14.148482849148776
2024-01-18 01:00:00,98.13228085804708,61.39200993264614,13.620975966249388
2024-01-18 02:00:00,93.82390818199214,53.286824816947856,11.886919664113766
2024-01-18 03:00:00,117.61688930792192,43.64795628010285,11.036416555469959
2024-01-18 04:00:00,97.17153453822206,59.85432135358899,10.845134020325418
2024-01-18 05:00:00,112.89396863430025,49.90265650461451,12.87362850207453
2024-01-18 06:00:00,109.68006474940634,45.81145284052515,11.969597233469502
2024-01-18 07:00:00,97.91045844775986,44.60303771450323,12.926866885751958
2024-01-18 08:00:00,121.10135582085623,54.18164359667728,14.20422896929564
2024-01-18 09:00:00,102.68533986464809,51.19414693093207,11.229617061283877
2024-01-18 10:00:00,115.13009266003989,51.72537688472925,10.769861756241912
2024-01-18 11:00:00,113.96596891581264,56.432515595359654,12.192560234532626
2024-01-18 12:00:00,104.14647985104783,45.98922704245178,13.144759611452297
2024-01-18 13:00:00,107.51130847805851,56.83077314136824,11.059539710214242
2024-01-18 14:00:00,106.24071415119475,47.40421338603155,12.034624738759247
2024-01-18 15:00:00,88.55738568608292,60.82003686956178,13.37004366117099
2024-01-18 16:00:00,100.57290354453016,52.993695079965704,10.367122161509627
2024-01-18 17:00:00,110.7424723394466,45.398807351118116,12.2353179614391
2024-01-18 18:00:00,115.26186317361662,39.8729095833976,11.459896906401216
2024-01-18 19:00:00,92.7936032816805,54.04462361139505,12.124156590971303
2024-01-18 20:00:00,105.2883130181302,48.129098620049085,12.709784290583688
2024-01-18 21:00:00,101.50870213277534,49.22217152739082,12.22080850788809
2024-01-18 22:00:00,98.82125935418405,53.83098004587053,10.989777597888144
2024-01-18 23:00:00,103.56002629225026,55.052069131253276,11.498753861766522
2024-01-19 00:00:00,102.17997410666138,56.118551703346455,13.426592980324466
2024-01-19 01:00:00,105.41407568872589,44.12579345808532,12.328932893924097
2024-01-19 02:00:00,114.41716760950052,57.12947374812295,12.840319127584849
2024-01-19 03:00:00,107.841275908647,47.10477331915925,12.250295310183043
2024-01-19 04:00:00,103.10591258872702,38.71875032625887,12.80911606824192
2024-01-19 05:00:00,118.64625056823078,44.10779826569977,11.603853910062679
2024-01-19 06:00:00,111.09929595880337,51.090125460662826,11.232488353232565
2024-01-19 07:00:00,99.07601561396652,45.1059287695943,12.763697715848046
2024-01-19 08:00:00,87.82879597647094,49.55977765411978,13.127374010445557
2024-01-19 09:00:00,90.12169319079534,51.69126243764589,11.085718689203357
2024-01-19 10:00:00,109.33232448315634,49.09307298445357,11.424055188576272
2024-01-19 11:00:00,93.69687520747019,47.528228310716415,11.836773571769093
2024-01-19 12:00:00,89.91944522888052,43.74651968505887,13.619824604982648
2024-01-19 13:00:00,92.419146733128,50.10971904107666,12.56313545516826
2024-01-19 14:00:00,93.126156879093,39.675213062076324,10.675913170134113
2024-01-19 15:00:00,108.5064766778225,46.570009791402896,11.9070172084105
2024-01-19 16:00:00,98.43257924217724,45.361079454696196,11.754121244249566
2024-01-19 17:00:00,86.27625399700594,48.803115742455425,10.82673044399607
2024-01-19 18:00:00,100.31044897762357,48.93335100345365,11.895208083105272
2024-01-19 19:00:00,102.22266132448242,54.799783372168726,11.709962560393627
2024-01-19 20:00:00,95.20663138559148,57.917386386248,11.638367476382841
2024-01-19 21:00:00,111.558850841927,44.41110579881515,11.592618632618189
2024-01-19 22:00:00,95.79061114307716,59.96416312635015,13.471393548348804
2024-01-19 23:00:00,111.08337686637151,46.10352200239284,11.636296883899485
2024-01-20 00:00:00,105.96782779674976,50.86263391461545,12.049671056300264
2024-01-20 01:00:00,109.26605508044408,52.55431494574159,11.941235287723272
2024-01-20 02:00:00,89.01449159193605,62.222913762912526,11.494983149632663
2024-01-20 03:00:00,100.98310192238102,47.28858831118668,12.079504732367697
2024-01-20 04:00:00,99.47171995425231,41.01630993510973,12.065350596097764
2024-01-20 05:00:00,85.77993475092467,57.451897350964906,12.079756526899216
2024-01-20 06:00:00,111.05060729802909,45.833132206022825,11.140766857903579
2024-01-20 07:00:00,91.8259910309265,48.19205709712204,11.79387549274736
2024-01-20 08:00:00,93.90432171164016,44.41125173036912,12.760321875349858
2024-01-20 09:00:00,89.86684164402274,48.20648113475541,11.82018336861996
2024-01-20 10:00:00,107.01186326070373,45.7980423189728,12.161781912601258
2024-01-20 11:00:00,84.74070281227404,53.38220908247386,12.167037000726355
2024-01-20 12:00:00,106.17874800464568,50.403958148609895,12.417395130733917
2024-01-20 13:00:00,110.4451398624346,46.594724196926606,12.55865091501381
2024-01-20 14:00:00,105.3717842762576,54.979359883294634,11.825849390250779
2024-01-20 15:00:00,107.12628483846429,51.27498375337299,11.088664696907903
2024-01-20 16:00:00,107.59546469578042,40.76975874777972,10.781284671325125
2024-01-20 17:00:00,90.50575673274236,54.59851657042151,13.017686412736358
2024-01-20 18:00:00,114.34734979664344,50.92433941926318,12.770250447971065
2024-01-20 19:00:00,95.39923745866501,56.95366243795771,12.649364684337527
2024-01-20 20:00:00,99.33612382410028,50.619587131713224,12.811203527862673
2024-01-20 21:00:00,96.67362681649041,46.041453247162025,11.838444016374112
2024-01-20 22:00:00,104.9154212087731,48.97852333349081,11.37512358223445
2024-01-20 23:00:00,94.61962756862577,54.0195966544036,11.019592590201961
2024-01-21 00:00:00,100.66915724237369,46.14631470149569,10.910650003414501
2024-01-21 01:00:00,87.64656182853994,47.798516064462206,13.212158688550332
2024-01-21 02:00:00,111.64665208501572,48.89155710000466,11.50685514424585
2024-01-21 03:00:00,106.70740945950203,44.253141948920636,13.054859069210886
2024-01-21 04:00:00,97.0774023809823,46.21838287685713,11.813114169619348
2024-01-21 05:00:00,95.3085096997419,50.86275095902095,11.323758791757577
2024-01-21 06:00:00,106.44628246317697,56.01238873826504,10.905635202449856
2024-01-21 07:00:00,92.92706619364039,51.58573492355237,11.41184564301225
2024-01-21 08:00:00,101.25365315765168,49.77069370315489,13.41823878290629
2024-01-21 09:00:00,111.61398787431406,45.84364613023845,10.915789920220188
2024-01-21 10:00:00,91.88742880862807,55.47580205860116,14.116746821479651
2024-01-21 11:00:00,103.68600829120203,52.16752749973421,11.159392572530356
2024-01-21 12:00:00,103.15725266935492,46.466351182403805,12.749949970651246
2024-01-21 13:00:00,99.02663181337317,54.4932422934245,11.854748705745012
2024-01-21 14:00:00,94.96210415896063,52.797885307552335,11.679440417473815
2024-01-21 15:00:00,112.14797056894385,45.93234825316882,10.728579222874863
2024-01-21 16:00:00,94.02431364233034,49.493108718679,11.901607017248763
2024-01-21 17:00:00,81.8796109887038,47.53613635878531,10.841714003633996
2024-01-21 18:00:00,106.40533591631034,63.16768970015802,10.318422900232559
2024-01-21 19:00:00,87.98696650232166,52.65872441562829,12.119598678217448
2024-01-21 20:00:00,106.91881144855087,50.9338102742412,11.364576893164244
2024-01-21 21:00:00,113.34903247843444,52.36331528038357,13.684348516124981
2024-01-21 22:00:00,106.29749878398674,56.89581294098749,13.000021715092823
2024-01-21 23:00:00,110.71411301887491,49.58309927780767,13.69743218133677
2024-01-22 00:00:00,120.20049106929648,47.05045351067122,11.319117095492102
2024-01-22 01:00:00,109.66760462608947,54.22141614048709,12.136137740131288
2024-01-22 02:00:00,103.30573392625436,49.12527716999344,9.379329040318947
2024-01-22 03:00:00,116.33948183523648,44.65052335459748,11.718197619313276
2024-01-22 04:00:00,117.54775544846585,43.67656784121971,12.09849834802468
2024-01-22 05:00:00,117.6877178325942,57.64648275419766,12.154048077701772
2024-01-22 06:00:00,95.07856484803997,50.65822283459642,11.957631589458327
2024-01-22 07:00:00,86.45981641501596,47.05216308003799,12.066592571751668
2024-01-22 08:00:00,94.46807816565114,48.828325444789684,9.28675736583659
2024-01-22 09:00:00,107.03641615793175,54.037223590041755,12.256221836081979
2024-01-22 10:00:00,101.59158945332106,48.532972420789775,12.483439891930038
2024-01-22 11:00:00,97.93519014823153,42.75290135411291,13.338025402628851
2024-01-22 12:00:00,105.60481398804936,51.62920426073963,12.36873805927693
2024-01-22 13:00:00,85.29194918326732,56.04173908786782,11.869262933286763
2024-01-22 14:00:00,101.41169298691541,55.70732158986125,13.10494192223097
2024-01-22 15:00:00,111.18457644847877,47.20335030931378,9.642665775400522
2024-01-22 16:00:00,105.49315644558229,56.345863282291894,11.485051469372856
2024-01-22 17:00:00,106.91809821833729,51.06474986835811,11.23419001994129
2024-01-22 18:00:00,115.97372789952514,56.205736719393634,11.96547820016869
2024-01-22 19:00:00,99.33856715126333,52.86843515001277,9.801307187770835
2024-01-22 20:00:00,93.46908338649664,42.39201578683665,13.31963566224372
2024-01-22 21:00:00,111.89515042665042,58.73369468754173,11.750190100315754
2024-01-22 22:00:00,111.71120631033926,50.25891925599477,12.318796691158933
2024-01-22 23:00:00,105.58291674755797,52.88396911956909,12.223091225059894
2024-01-23 00:00:00,98.39628999417552,43.27977685764078,13.26248989487695
2024-01-23 01:00:00,100.01379651007986,52.52663250039033,10.138049865125954
2024-01-23 02:00:00,87.23227047868913,55.5146386637133,12.112321165469812
2024-01-23 03:00:00,111.12946530207202,59.67660168299202,13.146178260704861
2024-01-23 04:00:00,110.77651309529143,57.00199897397641,11.902013553279309
2024-01-23 05:00:00,86.88317249533216,52.771123519730196,11.048730606861698
2024-01-23 06:00:00,108.67632083906136,42.27811323325807,11.396109884344215
2024-01-23 07:00:00,104.04101655009009,50.66136395248711,11.607057998193595
2024-01-23 08:00:00,89.78025889609204,47.03745217393535,11.278949970477012
2024-01-23 09:00:00,87.9399979892753,51.17488937408123,11.84718888293264
2024-01-23 10:00:00,103.73493269401722,43.91837083602451,13.508247403185003
2024-01-23 11:00:00,96.02295886093083,48.949165461040494,11.402635234462517
2024-01-23 12:00:00,118.1994885054967,47.41408458096966,11.512326025721
2024-01-23 13:00:00,109.52598394648906,47.25916822015377,12.459780584050312
2024-01-23 14:00:00,104.73693136732227,47.30881907004423,11.825179636036124
2024-01-23 15:00:00,105.23079004002395,49.320726418058776,10.670814866655117
2024-01-23 16:00:00,113.30867180367167,51.43097379524011,11.938811562220979
2024-01-23 17:00:00,108.46518091727337,37.507532060642745,11.901108567603075
2024-01-23 18:00:00,104.99766438496023,38.11783571831068,12.975678345438153
2024-01-23 19:00:00,90.1973882370249,48.30654330039062,11.027847601797339
2024-01-23 20:00:00,130.6194696540622,49.011154776471926,12.982319482755443
2024-01-23 21:00:00,88.96817242691768,50.9455560830197,11.902169187900057
2024-01-23 22:00:00,96.87457262899835,46.36163822571888,10.892058329085003
2024-01-23 23:00:00,83.45271723590002,50.047325970113405,10.691221687923072
2024-01-24 00:00:00,105.38798158769262,50.63261602509027,13.93438852790853
2024-01-24 01:00:00,101.51110437284808,46.32720951567264,11.840083977164559
2024-01-24 02:00:00,107.6527643836476,55.067279108705506,12.936504116730488
2024-01-24 03:00:00,82.60934368895566,50.8849315572753,10.29188060539187
2024-01-24 04:00:00,111.12905667380932,52.73480547731645,14.637694887963901
2024-01-24 05:00:00,91.92564598530386,50.34422865641926,12.893244628367128
2024-01-24 06:00:00,98.50994800636134,60.5183655153086,11.74455978584479
2024-01-24 07:00:00,109.31571268681064,52.98198534558827,11.69383414214449
2024-01-24 08:00:00,102.612666841319,47.560033418963876,12.734598128302995
2024-01-24 09:00:00,103.31942556666864,54.104834421842,12.677181686725048
2024-01-24 10:00:00,107.99178819905399,41.81197541271664,12.18252928039744
2024-01-24 11:00:00,104.28790639938724,50.59800131333552,12.01087875820223
2024-01-24 12:00:00,96.58892097451283,51.59580145045995,12.561067084025916
2024-01-24 13:00:00,98.3353087176477,50.65510381039349,10.258296446919823
2024-01-24 14:00:00,102.11878678651823,48.331105645805565,11.628725287385747
2024-01-24 15:00:00,91.04443906453665,44.938633215814924,10.353136141707154
2024-01-24 16:00:00,109.9600865938867,46.05326493974519,12.604592344702505
2024-01-24 17:00:00,102.88653930807484,50.51037458123692,11.32418602896668
2024-01-24 18:00:00,100.74776267921969,44.432403837860036,10.428421921320822
2024-01-24 19:00:00,111.92496559031471,58.850838078236364,11.20621347598103
2024-01-24 20:00:00,98.7988635678863,36.79551160328147,12.149356201465785
2024-01-24 21:00:00,98.17579002847583,48.38281066227698,11.794771617444189
2024-01-24 22:00:00,95.15371235996035,50.551948195538486,10.826843440967227
2024-01-24 23:00:00,103.43067008925935,52.537104639166444,10.295131398269383
2024-01-25 00:00:00,103.08450108331515,45.420376363687865,12.073932787030502
2024-01-25 01:00:00,93.33715799490093,55.67147396944106,11.419231893249538
2024-01-25 02:00:00,98.223060228866,43.03084478093538,11.741919290135948
2024-01-25 03:00:00,93.40397731480768,47.16935705696216,11.8403148125117
2024-01-25 04:00:00,92.9513154618451,53.10373777639712,12.430065687175318
2024-01-25 05:00:00,82.70102168273152,55.20094282396376,12.846946501769914
2024-01-25 06:00:00,97.69089746318444,42.97999351809451,12.146509200958443
2024-01-25 07:00:00,82.97786733919989,63.225183952075795,11.679537450240357
2024-01-25 08:00:00,95.3718431366049,45.512542184163955,12.024763538095803
2024-01-25 09:00:00,93.87305354122391,43.439087612361085,11.660763032740379
2024-01-25 10:00:00,110.51895057265604,52.51357445886629,10.35744664636688
2024-01-25 11:00:00,89.85065193690359,48.25853273209272,13.091946171289575
2024-01-25 12:00:00,92.38813615185525,47.51973843730128,12.903438862487803
2024-01-25 13:00:00,96.18475860808428,52.9782202878486,13.988333993580596
2024-01-25 14:00:00,94.19856348497224,42.363521547860955,14.280499306477608
2024-01-25 15:00:00,113.69254797421875,41.48932800012649,10.823979867747239
2024-01-25 16:00:00,88.6143262695038,47.01288317428386,11.664600079621172
2024-01-25 17:00:00,96.20595501014158,55.38950869726663,14.511539596870143
2024-01-25 18:00:00,103.32065249164407,47.229723532936084,11.959449384417765
2024-01-25 19:00:00,108.81183343042007,57.99578342264307,12.244210902546753
2024-01-25 20:00:00,96.19758444069797,56.00507380585945,10.47887004830542
2024-01-25 21:00:00,80.81900399496207,51.41473092253742,12.150288631576775
2024-01-25 22:00:00,98.49895778414495,51.69861929687379,13.931940374759089
2024-01-25 23:00:00,113.52028476180715,51.41001312508428,13.286625810103528
2024-01-26 00:00:00,102.82187407430428,50.7985886434105,11.390015378481456
2024-01-26 01:00:00,102.36417862359933,48.168791512609104,11.603683633431583
2024-01-26 02:00:00,89.36982008423003,48.74906083396419,10.869099707505736
2024-01-26 03:00:00,88.34328409711335,44.65019921703709,11.148836859750293
2024-01-26 04:00:00,100.18041648634099,38.949786053549104,10.08978807121353
2024-01-26 05:00:00,85.73621077718592,55.52035304641025,11.915180325340257
2024-01-26 06:00:00,107.8136222236251,50.78629218392649,13.51011067993041
2024-01-26 07:00:00,91.53353751133638,50.03105677810893,12.35543192409375
2024-01-26 08:00:00,99.75342719268507,51.992245614289395,13.366238989965732
2024-01-26 09:00:00,81.14233081245757,45.85801272603175,13.073249400925999
2024-01-26 10:00:00,96.06198131556494,44.99468893307784,11.453191910427371
2024-01-26 11:00:00,88.14139452869797,48.58157653160924,11.240493338593552
2024-01-26 12:00:00,76.7804358265819,56.84049240881906,11.278815443148545
2024-01-26 13:00:00,105.41842089336318,44.15629485753437,10.28293805155795
2024-01-26 14:00:00,116.41159539091574,36.86467321595917,12.032330232795575
2024-01-26 15:00:00,111.29473589343947,47.39299454090624,9.095535603422913
2024-01-26 16:00:00,106.81690689903805,55.71349958117592,12.591415509286385
2024-01-26 17:00:00,95.85878832054455,41.33727987822823,12.071880935718875
2024-01-26 18:00:00,108.05890228547827,44.09858198088564,12.47143986649484
2024-01-26 19:00:00,112.23853198573728,51.31773370289084,13.057016282948135
2024-01-26 20:00:00,101.36821829671294,62.84953517737667,12.198794588338854
2024-01-26 21:00:00,88.15639827687977,43.208941657369024,13.631571737654756
2024-01-26 22:00:00,95.00615701408628,43.015329542660204,12.62194581095221
2024-01-26 23:00:00,117.02696488347937,51.693491844195925,11.24287315318395
2024-01-27 00:00:00,99.25255831849833,56.02337219996852,11.762288957854121
2024-01-27 01:00:00,66.75244280088904,46.87950643837145,9.738708973249864
2024-01-27 02:00:00,85.31076536329806,41.893029219389156,11.097809559527834
2024-01-27 03:00:00,95.75551296857519,52.16874610443173,11.619003594066609
2024-01-27 04:00:00,110.35825238417569,53.07420698651487,12.546273609557666
2024-01-27 05:00:00,97.26877647593088,58.89327563269124,11.24963897145819
2024-01-27 06:00:00,110.5443165497326,53.284735561621396,10.75373598606557
2024-01-27 07:00:00,94.7383764645251,54.1403303818619,10.112468096991874
2024-01-27 08:00:00,80.35707477764387,48.68927428066047,11.403582481406682
2024-01-27 09:00:00,95.08438841401916,62.20752171084734,13.950851802367929
2024-01-27 10:00:00,103.44945001546284,48.00928994705765,12.271107034897033
2024-01-27 11:00:00,102.61950349341313,46.94038939294115,12.93957941235518
2024-01-27 12:00:00,87.44892250743365,59.04757459259304,11.09994576733575
2024-01-27 13:00:00,96.48803798196235,42.62881360552295,10.426550239897782
2024-01-27 14:00:00,126.84674238064073,40.76295807736042,10.778922535911933
2024-01-27 15:00:00,87.66731173703123,50.59778462299242,11.902868890842363
2024-01-27 16:00:00,106.60723394463749,49.99131738362152,10.005871156520744
2024-01-27 17:00:00,79.03324301430204,48.860560092246686,10.993409583590228
2024-01-27 18:00:00,108.63791824569662,54.96964878560826,11.413639314028707
2024-01-27 19:00:00,91.07674609811554,45.45896908855715,10.679074693936698
2024-01-27 20:00:00,104.0208825820294,50.32083562812337,9.87631698267517
2024-01-27 21:00:00,87.08474398231799,48.19947023680906,12.289653698209758
2024-01-27 22:00:00,102.90852800176707,45.54390749946624,12.045871444884565
2024-01-27 23:00:00,90.91349704258562,49.69079958019658,12.779029867630129
2024-01-28 00:00:00,92.84951817033375,54.26297901647551,10.889574250747557
2024-01-28 01:00:00,104.41986006395031,60.60284060215251,12.759922743047472
2024-01-28 02:00:00,95.69614523602984,52.89709491449484,13.529304194486885
2024-01-28 03:00:00,103.80381448216312,37.44582499299274,12.262214732236854
2024-01-28 04:00:00,98.0915868135665,49.80929957279176,11.39006370555334
2024-01-28 05:00:00,100.67493681247275,50.24901395451416,12.145080649509245
2024-01-28 06:00:00,104.45086471353402,54.68104504789975,11.342212610704422
2024-01-28 07:00:00,96.49981545408859,50.92405151244869,11.175716442321248
2024-01-28 08:00:00,90.03950213998226,56.265444586510384,12.683260389503326
2024-01-28 09:00:00,94.6768773407021,51.95835307807636,11.860949680212801
2024-01-28 10:00:00,111.95139179833436,57.79399034748944,13.205095653450028
2024-01-28 11:00:00,101.1617308407655,47.80627039975853,11.55757701075643
2024-01-28 12:00:00,91.55101546589526,50.72171733648347,11.65882541932999
2024-01-28 13:00:00,104.01560608387719,54.13320767694948,11.433489004768528
2024-01-28 14:00:00,104.68315584939138,47.139029648532784,10.879816561312795
2024-01-28 15:00:00,105.1999907579781,46.04993598959462,12.814424898616592
2024-01-28 16:00:00,90.22162799628714,46.85323950156658,14.185711664614153
2024-01-28 17:00:00,93.17609005714105,46.25392191455539,11.617772761433848
2024-01-28 18:00:00,93.23170783612989,52.612809604376636,11.319504056324995
2024-01-28 19:00:00,96.39352087933808,40.82595985182722,11.254676516292909
2024-01-28 20:00:00,105.38919185143735,42.220149868410466,11.32026677239962
2024-01-28 21:00:00,102.96184804731014,59.313732461786316,13.649783686240802
2024-01-28 22:00:00,103.75216957157163,46.37451639512911,11.281519480240108
2024-01-28 23:00:00,113.54019142371523,51.00007425585874,11.41473319911046
2024-01-29 00:00:00,106.8889093249163,42.55426791050436,10.759645747849028
2024-01-29 01:00:00,98.58198375003913,50.47062133894638,12.29364877386307
2024-01-29 02:00:00,88.16114823947501,46.40496666159298,11.932770437849014
2024-01-29 03:00:00,92.8545299152913,42.18455250919793,10.86282122419744
2024-01-29 04:00:00,97.38294932321773,56.684602187823565,11.10717040268192
2024-01-29 05:00:00,108.29129827336114,55.91282863530436,13.532933370535558
2024-01-29 06:00:00,99.72668065893906,49.46322604642992,12.032707756268769
2024-01-29 07:00:00,93.43804045111557,54.99709516338956,12.101685395447298
2024-01-29 08:00:00,92.67107114272774,59.516463438635796,12.105653825026062
2024-01-29 09:00:00,99.30421791078774,53.77037966579044,13.394625388211177
2024-01-29 10:00:00,108.899875622171,52.398398697549815,10.95478563767929
2024-01-29 11:00:00,115.91019305775117,50.99474848241655,11.603604479823545
2024-01-29 12:00:00,97.94231401970332,53.247486824296196,11.831034793337489
2024-01-29 13:00:00,99.55256819237403,48.180403032551816,10.278824174710277
2024-01-29 14:00:00,87.86058293842618,48.616820654192765,11.083858483418657
2024-01-29 15:00:00,119.39192569099467,52.25445687606258,13.046674827280938
2024-01-29 16:00:00,85.98997161843916,47.63067564920235,12.760213496330117
2024-01-29 17:00:00,111.71662311780551,48.171001636032486,12.937066875102031
2024-01-29 18:00:00,96.3466404698753,50.00093332317487,11.410909777468598
2024-01-29 19:00:00,94.00633506159681,55.75303775296535,11.534304759881163
2024-01-29 20:00:00,88.89996428114074,44.33668123220176,10.211934504961967
2024-01-29 21:00:00,124.10048649407133,53.795892513526304,12.93193454231631
2024-01-29 22:00:00,102.21491623278395,53.95898206401735,13.096652268766096
2024-01-29 23:00:00,100.21280437104063,53.92906004648405,13.083920966535608
2024-01-30 00:00:00,108.86732359554543,45.966268098952554,13.60409125347724
2024-01-30 01:00:00,93.49167274370036,41.53659192244531,12.422108593489906
2024-01-30 02:00:00,100.01845955231006,52.798502362057114,13.556881836546692
2024-01-30 03:00:00,100.5633628681212,50.93769392206981,11.799525390842122
2024-01-30 04:00:00,94.87854267651866,55.02188317381566,10.23298963499445
2024-01-30 05:00:00,111.99638079185914,46.49731585995231,12.860724677240118
2024-01-30 06:00:00,97.81345588504095,53.800591881281804,10.196110873991305
2024-01-30 07:00:00,84.4686794663117,55.27206056109706,12.170202049493366
2024-01-30 08:00:00,96.98502636479127,49.523451394753245,12.955323802124255
2024-01-30 09:00:00,102.49178671713898,52.08464751632408,12.324258796035197
2024-01-30 10:00:00,91.06506766112392,51.909832287620475,14.278243070582276
2024-01-30 11:00:00,91.85405206829562,45.89265235485175,10.034071005853022
2024-01-30 12:00:00,94.53740961873959,52.65548301142304,11.917139327464085
2024-01-30 13:00:00,112.21235660066961,58.11249170450507,12.017455465252656
2024-01-30 14:00:00,95.12841977354294,50.111019672713184,10.655897183817586
2024-01-30 15:00:00,114.29117018551031,42.69537530674171,10.846267209275714
2024-01-30 16:00:00,93.85049561851665,46.56386734542995,11.1548713891734
2024-01-30 17:00:00,103.25014136256542,41.102852755741864,10.900352705950738
2024-01-30 18:00:00,95.53757325780249,56.45130564523032,11.892005349836133
2024-01-30 19:00:00,107.54083170290473,53.82052648164047,11.397035099847841
2024-01-30 20:00:00,88.81725845434721,47.49315364166091,12.317908384095675
2024-01-30 21:00:00,107.42859479577231,42.909700390155315,12.649430466203063
2024-01-30 22:00:00,101.13869400309684,45.83352520878755,12.58177895971889
2024-01-30 23:00:00,93.60008183222551,46.80861517151426,11.589873754815244
2024-01-31 00:00:00,98.33778515289849,50.54703799510029,12.284475629464472
