timestamp,demand_mw,temperature,humidity,is_weekend
2024-01-01 00:00:00,35869.24976776966,-0.13050517796987648,60.90510779351853,0
2024-01-01 01:00:00,32275.320510596826,0.955443733682861,53.51584026022077,0
2024-01-01 02:00:00,30971.532807151038,7.229792282068145,61.99843975876321,0
2024-01-01 03:00:00,31208.39329179163,5.512596314383826,56.74321553104085,0
2024-01-01 04:00:00,28166.331441019243,4.448049990941962,57.35691659125121,0
2024-01-01 05:00:00,28660.501412423684,5.0553017991961795,62.931820093775464,0
2024-01-01 06:00:00,35066.22082519951,6.042745116085014,66.19141535716818,0
2024-01-01 07:00:00,38938.94011716171,3.3807209590719154,60.10635788368031,0
2024-01-01 08:00:00,41502.36692988823,2.665085823793062,61.54416506299482,0
2024-01-01 09:00:00,46220.76009806842,5.587535765293045,68.5110747231762,0
2024-01-01 10:00:00,44934.13930653134,2.064881667154904,61.20376589744284,0
2024-01-01 11:00:00,45905.5350791099,6.224758267143415,73.00841557090197,0
2024-01-01 12:00:00,47062.56228139104,-0.10775081271352072,62.827548228157724,0
2024-01-01 13:00:00,41599.45543728706,8.08746691197693,51.19618620422091,0
2024-01-01 14:00:00,41575.81193103285,6.417792447239129,63.76670810552266,0
2024-01-01 15:00:00,43734.85305920781,5.768089202941627,61.90579192441389,0
2024-01-01 16:00:00,41771.77153526427,7.948072951836542,66.44876377041373,0
2024-01-01 17:00:00,44183.487948394715,9.99642333338773,63.365906756349794,0
2024-01-01 18:00:00,42956.945830077275,8.04311019505439,59.30772008008113,0
2024-01-01 19:00:00,44145.77870932868,-0.5226226939949363,53.87850881855317,0
2024-01-01 20:00:00,52054.19826463477,1.1612690997928956,58.95488371356987,0
2024-01-01 21:00:00,42020.22536146611,3.1255442669129634,55.7473977289535,0
2024-01-01 22:00:00,40135.05640937585,5.078273150632501,57.09738275097639,0
2024-01-01 23:00:00,34828.59715084977,6.552977061407369,62.942892022103045,0
2024-01-02 00:00:00,34047.33023208093,2.822768560539603,68.34952252175702,0
2024-01-02 01:00:00,32680.249208278532,5.560300293431235,61.9733576491149,0
2024-01-02 02:00:00,28273.509633866546,2.7338512029400324,54.02058468982408,0
2024-01-02 03:00:00,29544.76212660122,3.165446591024155,62.2230133411007,0
2024-01-02 04:00:00,27644.0898668657,0.7800167094553334,65.98315743322826,0
2024-01-02 05:00:00,28577.044062799745,2.230300261667287,56.95108547840309,0
2024-01-02 06:00:00,31522.226755127227,0.9449461831509991,59.32991416663541,0
2024-01-02 07:00:00,40973.02159595426,2.072380241068002,60.07344097364599,0
2024-01-02 08:00:00,42471.31839743189,8.160925389823518,56.0755084345888,0
2024-01-02 09:00:00,42620.15040984923,2.151803333504171,63.2414021692193,0
2024-01-02 10:00:00,47891.85329783733,12.897146194512173,59.39525925696109,0
2024-01-02 11:00:00,44131.0174225681,6.479953702642668,62.09766221953514,0
2024-01-02 12:00:00,46985.60785838606,5.554508371084622,55.5625391109895,0
2024-01-02 13:00:00,41492.75871507652,2.4249266594563594,57.812708498382946,0
2024-01-02 14:00:00,42478.37673875607,7.100929638226974,63.61190678913886,0
2024-01-02 15:00:00,45442.93778070553,3.273086521286678,58.13583423954117,0
2024-01-02 16:00:00,45624.626475989906,5.3660294439360845,68.63481925616702,0
2024-01-02 17:00:00,43872.72601158819,12.680253614806384,58.00181907192699,0
2024-01-02 18:00:00,44739.79136462646,4.711820300826051,61.12342362875943,0
2024-01-02 19:00:00,46784.87872297544,8.447819978857027,64.66295415936546,0
2024-01-02 20:00:00,44914.58417335899,2.890470724622338,52.90817133533484,0
2024-01-02 21:00:00,40970.331057161246,4.895034528509115,51.19595594009612,0
2024-01-02 22:00:00,39078.722458080425,10.31240190690653,52.371718427149524,0
2024-01-02 23:00:00,39482.10417416047,3.119098826636698,66.31292051713591,0
2024-01-03 00:00:00,35601.3320067448,10.437345673990787,57.240709270537764,0
2024-01-03 01:00:00,29635.059747535557,7.123255806366426,72.79099642834126,0
2024-01-03 02:00:00,30486.125954092196,3.312599672317197,57.17876200671306,0
2024-01-03 03:00:00,28441.63069339634,6.897223217166562,60.922756515985185,0
2024-01-03 04:00:00,27535.386149564005,7.91766334888019,67.71054976283938,0
2024-01-03 05:00:00,29886.930618819253,6.865429886651589,70.03046444079561,0
2024-01-03 06:00:00,34175.37422405592,0.2893258403286305,70.30751788318199,0
2024-01-03 07:00:00,39246.15022334287,2.818588472525394,66.04183115296571,0
2024-01-03 08:00:00,40716.66276315189,4.257444093345486,65.12031262905731,0
2024-01-03 09:00:00,44304.272154334765,4.776699712699861,62.96263474600592,0
2024-01-03 10:00:00,46761.9058922282,6.862016292652034,63.89180538083319,0
2024-01-03 11:00:00,49292.53104873755,5.533103002799762,57.244071418357336,0
2024-01-03 12:00:00,45385.9198970097,0.9939669238696958,55.90900558288846,0
2024-01-03 13:00:00,45572.98435367322,6.14059355301789,59.98312771294524,0
2024-01-03 14:00:00,42983.08793413628,6.8317572358514695,59.14907688737536,0
2024-01-03 15:00:00,42308.535095818486,6.67937134379312,57.733859753363625,0
2024-01-03 16:00:00,45787.55680926724,8.242342176663865,63.481937237283574,0
2024-01-03 17:00:00,46449.82206214154,7.501766463646712,64.77652604285255,0
2024-01-03 18:00:00,44837.97722644424,6.37754023768531,60.442034431459234,0
2024-01-03 19:00:00,49883.39063249356,4.789502865624059,67.3876504052763,0
2024-01-03 20:00:00,49376.96736074052,0.01711719945202539,54.29155442933248,0
2024-01-03 21:00:00,41129.120521464116,6.288854657397757,59.03170270360141,0
2024-01-03 22:00:00,40722.791211016825,5.623063061489334,56.41588839698598,0
2024-01-03 23:00:00,40383.81856212369,5.81473651158612,50.667316914634696,0
2024-01-04 00:00:00,34937.30443155758,1.1697542725390715,59.586596570786504,0
2024-01-04 01:00:00,35042.54594069775,1.7568303787752129,59.39126245808358,0
2024-01-04 02:00:00,26070.38234386538,8.159458559998711,67.56724871621066,0
2024-01-04 03:00:00,30191.758631344073,4.881334538430035,63.154058422773886,0
2024-01-04 04:00:00,28624.04207223939,7.044502092117874,54.87906587835398,0
2024-01-04 05:00:00,28566.439341824487,5.084955128391384,69.27046283167094,0
2024-01-04 06:00:00,32649.11126187019,5.089268418487236,66.10516847762676,0
2024-01-04 07:00:00,33773.30828512333,7.8148514179279935,62.910488517343076,0
2024-01-04 08:00:00,42033.19723834529,3.4518658153478783,58.86757950575084,0
2024-01-04 09:00:00,45803.50328590143,5.28836233082295,55.2028038163826,0
2024-01-04 10:00:00,49399.15630290548,3.613174133884873,58.138966119644735,0
2024-01-04 11:00:00,45782.06498705693,3.6965113177030533,65.44374309852093,0
2024-01-04 12:00:00,44620.25237327334,4.072483629594082,69.42293152967305,0
2024-01-04 13:00:00,44845.958799755565,5.6664013149011385,67.71621764136094,0
2024-01-04 14:00:00,47582.539817772216,3.5637541350095683,57.55575289106863,0
2024-01-04 15:00:00,45739.68999673429,8.767268376720562,54.401912833554945,0
2024-01-04 16:00:00,42834.52755171252,2.316178093341488,60.70443123455602,0
2024-01-04 17:00:00,44616.35666702155,4.439385067515923,51.157803172185744,0
2024-01-04 18:00:00,45218.424486033095,3.6808068251774753,61.615838570923906,0
2024-01-04 19:00:00,49800.53185251561,9.3409336530612,59.261987068506656,0
2024-01-04 20:00:00,46797.52124734742,5.589664329534724,57.66981749065879,0
2024-01-04 21:00:00,41803.71793847974,8.095533618405906,52.026484663666025,0
2024-01-04 22:00:00,39215.783693735684,0.5433188808890836,62.568000532848586,0
2024-01-04 23:00:00,34755.90947225228,5.801150797607777,57.33649580169045,0
2024-01-05 00:00:00,35518.21048486301,7.668892386870311,54.15041582144856,0
2024-01-05 01:00:00,32924.214817292326,5.246851967826273,45.63868893359175,0
2024-01-05 02:00:00,30007.670184963692,8.196441125196053,59.86242547474682,0
2024-01-05 03:00:00,28659.848656606035,3.4481346496988836,68.86125798334872,0
2024-01-05 04:00:00,26483.096692578154,9.228042320556739,68.30629607273934,0
2024-01-05 05:00:00,28390.064281990228,11.896694370857752,57.71451871706864,0
2024-01-05 06:00:00,31943.088910644,3.9114843186810226,56.988939698191096,0
2024-01-05 07:00:00,35995.73012020947,3.663492435797685,62.34387128037512,0
2024-01-05 08:00:00,42157.267862709734,9.360153431353103,55.00807280405854,0
2024-01-05 09:00:00,45909.11442783271,9.738716437192137,61.50895949909733,0
2024-01-05 10:00:00,50338.22757278421,3.431419918540195,63.83040139192345,0
2024-01-05 11:00:00,47410.257860154816,3.7394395487124283,66.13466611942154,0
2024-01-05 12:00:00,47098.804658430425,4.154646173418478,59.499229617600236,0
2024-01-05 13:00:00,45828.77439373781,0.9666484668971691,58.98163124911517,0
2024-01-05 14:00:00,41134.79548519468,2.2440441605474053,55.6100870662172,0
2024-01-05 15:00:00,44940.343780239265,1.9875776997437962,55.865598229800696,0
2024-01-05 16:00:00,44132.50646187026,2.696607304687615,58.86760554049236,0
2024-01-05 17:00:00,48857.551594655495,4.895945337839656,61.83682753408089,0
2024-01-05 18:00:00,44567.18782924247,5.702644197609562,64.56792313116625,0
2024-01-05 19:00:00,48216.17493804233,9.651501478442231,55.984105246598276,0
2024-01-05 20:00:00,48415.82395846479,2.004937877783627,67.46344284479761,0
2024-01-05 21:00:00,40016.55917005849,7.952967195429752,58.64438199478715,0
2024-01-05 22:00:00,42285.64562903004,4.358033467323473,59.89316352825782,0
2024-01-05 23:00:00,38909.8744362877,4.851608871042701,56.263941604260886,0
2024-01-06 00:00:00,36384.30590732533,7.024458476499811,47.87879869863529,1
2024-01-06 01:00:00,31022.245385958548,1.6318339353131042,64.42022698180524,1
2024-01-06 02:00:00,32104.191466404147,6.147229238552152,63.684219485462165,1
2024-01-06 03:00:00,26967.31595895119,5.4993566246391685,58.593362214408934,1
2024-01-06 04:00:00,29336.271358665377,6.477353792024447,60.33495358612436,1
2024-01-06 05:00:00,32176.16065742446,5.867505931723454,62.5796960885205,1
2024-01-06 06:00:00,30890.378471662632,12.365900419732682,52.18727071556729,1
2024-01-06 07:00:00,36438.191756994805,3.086780047246052,57.35473661326853,1
2024-01-06 08:00:00,42711.75915081124,3.407009134994547,63.971323398109135,1
2024-01-06 09:00:00,43867.179778238555,3.130578420725707,53.72855288415376,1
2024-01-06 10:00:00,42433.474108547896,3.333568642519236,61.46778966083315,1
2024-01-06 11:00:00,47161.12299079417,3.087838618080447,53.21709097688297,1
2024-01-06 12:00:00,44030.143865586804,8.567049593322656,62.33214991216763,1
2024-01-06 13:00:00,47089.26259046092,9.261512743969565,59.82179258851258,1
2024-01-06 14:00:00,43408.3098671181,3.287761118751571,51.92434092047245,1
2024-01-06 15:00:00,48487.35241128946,2.502933280687314,65.82369677228586,1
2024-01-06 16:00:00,42276.84275686028,6.414246669159212,56.32704211600976,1
2024-01-06 17:00:00,42799.51620225266,3.3433308671570865,55.948737814928094,1
2024-01-06 18:00:00,46830.413739081756,6.8987954532665325,61.00284598615472,1
2024-01-06 19:00:00,44576.697248469354,5.608769062553899,65.74318674714358,1
2024-01-06 20:00:00,49051.590341415016,0.4527676550083042,54.92089090510802,1
2024-01-06 21:00:00,45277.678352850155,9.642515603990185,60.308399249239855,1
2024-01-06 22:00:00,36785.03353087755,10.387633019286564,62.14408250165287,1
2024-01-06 23:00:00,37846.18848474807,3.1616339285468413,63.46552803631572,1
2024-01-07 00:00:00,35454.79488993474,3.8368953201920473,60.882207776386124,1
2024-01-07 01:00:00,33770.46216663813,5.8575961721747145,58.16486080458339,1
2024-01-07 02:00:00,28144.573933682877,6.003370369961075,55.8620488967564,1
2024-01-07 03:00:00,27085.337911027797,6.975632818018491,60.43071941523188,1
2024-01-07 04:00:00,29243.766731004078,11.03061361629905,54.639304940071966,1
2024-01-07 05:00:00,29430.627776188114,4.469158317517852,45.39324758252697,1
2024-01-07 06:00:00,32907.05088181205,2.6051082663846388,62.18279902078834,1
2024-01-07 07:00:00,38149.59039280683,0.8620423159564181,64.51967420543097,1
2024-01-07 08:00:00,41054.9474666457,2.8072098801742427,48.185337822290805,1
2024-01-07 09:00:00,45522.57081861226,4.900619081378609,54.95134647645031,1
2024-01-07 10:00:00,46674.06668858697,10.383673590553363,63.09577130502599,1
2024-01-07 11:00:00,45321.27416763803,3.4471661028914857,70.2874773485585,1
2024-01-07 12:00:00,50837.92573841156,5.671363854916695,60.10396853837704,1
2024-01-07 13:00:00,47089.81571809711,4.950731311781744,56.35998529385433,1
2024-01-07 14:00:00,42789.78454386397,8.565179820344252,59.0855177944758,1
2024-01-07 15:00:00,46477.245619426125,12.580797277620865,66.87438209574093,1
2024-01-07 16:00:00,41855.70032549989,3.407393681239038,56.77017910437732,1
2024-01-07 17:00:00,45211.90901313983,3.5316816724453335,56.004039966748735,1
2024-01-07 18:00:00,47606.84005276665,8.132482631207216,57.58628238908984,1
2024-01-07 19:00:00,45550.87949391469,7.045674468878934,55.23335695870644,1
2024-01-07 20:00:00,50836.18711341748,10.5401219772081,60.61335157997398,1
2024-01-07 21:00:00,43377.15946974006,6.751784555977892,68.1233922923478,1
2024-01-07 22:00:00,41644.12031998898,3.9221237276388212,61.615396365580146,1
2024-01-07 23:00:00,41056.486842476144,6.771964492076927,58.73823248936856,1
2024-01-08 00:00:00,34570.57079699497,8.326110741748723,58.54094365542228,0
2024-01-08 01:00:00,31275.178732919077,7.461446543592093,52.18404595651671,0
2024-01-08 02:00:00,28665.728355561714,6.521822093321893,64.4155488857358,0
2024-01-08 03:00:00,27817.07508680011,8.200024068767462,59.61081401493599,0
2024-01-08 04:00:00,28390.130064084897,8.507886771337018,59.097600432046875,0
2024-01-08 05:00:00,29494.67036348413,9.14647697311258,75.96553783922431,0
2024-01-08 06:00:00,32949.622548911284,6.946129662768928,61.49376454182843,0
2024-01-08 07:00:00,39050.96859194255,4.498645759049437,56.24104474952408,0
2024-01-08 08:00:00,42527.62902024056,5.440141059299968,57.86821201897229,0
2024-01-08 09:00:00,48270.45167360396,8.61952689952507,65.74222854598378,0
2024-01-08 10:00:00,45391.2892835527,2.5491929870382917,60.56635205268882,0
2024-01-08 11:00:00,53392.3975414856,6.106019926618703,52.80861010841316,0
2024-01-08 12:00:00,47954.676583553635,3.819983563017918,64.59614467287602,0
2024-01-08 13:00:00,44028.53762024255,5.086234468804452,56.65927957230503,0
2024-01-08 14:00:00,43063.71956691097,8.835355587821896,69.36648888108773,0
2024-01-08 15:00:00,46085.56293429717,5.57329720405971,65.40024032857325,0
2024-01-08 16:00:00,43508.38187228313,5.1393096444684465,57.76339052170624,0
2024-01-08 17:00:00,45052.9510746503,0.920431577060242,66.40508180867556,0
2024-01-08 18:00:00,46064.78465529048,7.238760698081662,60.339277552637014,0
2024-01-08 19:00:00,47327.031332439925,6.9364525434232265,64.2638683756111,0
2024-01-08 20:00:00,46446.525233684115,11.48976416991638,62.42366408647237,0
2024-01-08 21:00:00,39280.94964754254,4.076665295140997,55.76821672504563,0
2024-01-08 22:00:00,39106.97009586596,5.657450982991817,56.78225083841269,0
2024-01-08 23:00:00,39105.74773935651,5.7481510511322655,65.1498040879058,0
2024-01-09 00:00:00,35374.664052227854,9.732359839290423,58.326123339467294,0
2024-01-09 01:00:00,30475.67448459302,4.714113402839144,57.981757683790015,0
2024-01-09 02:00:00,30259.77138877677,5.8370645773110175,55.224387103253235,0
2024-01-09 03:00:00,29558.71020060681,6.823689529149617,62.11799532796731,0
2024-01-09 04:00:00,27240.503153413385,5.559827369469074,70.31262459621573,0
2024-01-09 05:00:00,29222.90140362101,3.6606991563484153,54.66233542872864,0
2024-01-09 06:00:00,32594.58916747475,5.582269978694923,60.12109728336379,0
2024-01-09 07:00:00,35356.930691567584,8.220895249579316,67.06110277707714,0
2024-01-09 08:00:00,43260.2981407401,1.9204541017668193,59.60179304377142,0
2024-01-09 09:00:00,46261.76518432853,5.398909022440628,62.26185898124867,0
2024-01-09 10:00:00,48491.01785930313,2.8996375551824802,54.688032359265605,0
2024-01-09 11:00:00,49476.434822282026,8.585139886774527,62.141535486038244,0
2024-01-09 12:00:00,43296.918719499765,0.43043928564867606,59.06427867497726,0
2024-01-09 13:00:00,43843.002408195214,3.323234458185235,64.92864997839932,0
2024-01-09 14:00:00,46671.7052328997,6.131635625193563,65.93693025782376,0
2024-01-09 15:00:00,46156.01838955247,9.696572087703021,72.94781821009308,0
2024-01-09 16:00:00,45133.104909873306,4.802749216781036,62.89816586606788,0
2024-01-09 17:00:00,51879.69099217402,3.334401419920405,61.62898158291083,0
2024-01-09 18:00:00,46284.503649059625,10.64347120832177,60.97192150788668,0
2024-01-09 19:00:00,50196.96839542892,0.6559582987512682,58.23416853594656,0
2024-01-09 20:00:00,50813.45427647101,-1.5964178698602458,61.692419217308455,0
2024-01-09 21:00:00,43884.206409024824,6.320043350159997,58.52299294930485,0
2024-01-09 22:00:00,39369.46151071931,3.4938373269421668,60.84230488134807,0
2024-01-09 23:00:00,38923.06728842488,1.9363015486078603,66.5879876780398,0
2024-01-10 00:00:00,33647.55587455925,7.12506934189806,54.9672871736018,0
2024-01-10 01:00:00,32115.16976404749,5.7314021413135965,65.69939280564523,0
2024-01-10 02:00:00,29271.954678256345,3.307764107789815,66.58557533669932,0
2024-01-10 03:00:00,29118.717502110165,1.159086803987317,59.40965736504461,0
2024-01-10 04:00:00,31798.388457509747,7.6173719848404335,49.390725504957025,0
2024-01-10 05:00:00,26292.46547074196,6.950603533875983,56.96089006452784,0
2024-01-10 06:00:00,33615.172809358584,4.702472408661851,66.48497273280555,0
2024-01-10 07:00:00,34476.157741519404,10.539910988142998,59.88565968850559,0
2024-01-10 08:00:00,41497.14478519745,1.789745701021542,55.00348883852545,0
2024-01-10 09:00:00,47450.138843176566,0.42342448722578396,57.476125393858915,0
2024-01-10 10:00:00,46147.84404391957,2.924275790356267,64.20310013252276,0
2024-01-10 11:00:00,44467.29977186613,4.8632419509335065,62.7336678410069,0
2024-01-10 12:00:00,44836.91887597057,5.730018347968075,58.805339504151526,0
2024-01-10 13:00:00,47563.07482254976,4.27629182643101,58.16587794092656,0
2024-01-10 14:00:00,43838.41591284351,6.056166189542891,58.04120925478089,0
2024-01-10 15:00:00,45487.03182655944,1.2453817274286676,55.387949077507486,0
2024-01-10 16:00:00,44100.25804778839,9.331293812219778,68.07687844734721,0
2024-01-10 17:00:00,42082.76924395735,4.753546464822294,58.3883976539433,0
2024-01-10 18:00:00,49823.87420098198,8.351887494764384,66.08579260412748,0
2024-01-10 19:00:00,49005.55767800527,6.028176039133113,67.60658025961226,0
2024-01-10 20:00:00,43589.029227355306,6.370259657461352,64.9915544907398,0
2024-01-10 21:00:00,42896.21541888503,6.709301840696612,57.84189843640976,0
2024-01-10 22:00:00,38676.42707046322,6.343125680051945,62.018650451683044,0
2024-01-10 23:00:00,39098.31250274292,6.928168279602632,59.87902196804542,0
2024-01-11 00:00:00,33613.088707742776,8.987457590397295,55.48149069634936,0
2024-01-11 01:00:00,32313.55328261629,5.58956350910441,61.62179640860801,0
2024-01-11 02:00:00,30757.480918470683,7.127011272765537,54.10480104420099,0
2024-01-11 03:00:00,30255.345031546676,4.73079291713832,65.93839694230782,0
2024-01-11 04:00:00,26789.577619945514,9.320351646348419,57.67691351350803,0
2024-01-11 05:00:00,28514.97320803062,2.970823093822191,61.0057982793642,0
2024-01-11 06:00:00,31728.213869363444,10.402821298732448,61.41643935773071,0
2024-01-11 07:00:00,36275.00768892429,4.87952614806697,58.705475131479616,0
2024-01-11 08:00:00,46251.590260597324,0.7076746936458553,62.933469007376374,0
2024-01-11 09:00:00,45911.20884966215,5.384313244732368,57.62548171688738,0
2024-01-11 10:00:00,43099.966905029396,2.9568450275753575,64.35648648728622,0
2024-01-11 11:00:00,49156.97557557872,7.521930646966172,53.27010159876626,0
2024-01-11 12:00:00,51434.01315805437,3.0421280620928273,60.63189789773206,0
2024-01-11 13:00:00,48374.670099267634,3.6614497003556608,69.69464499529143,0
2024-01-11 14:00:00,42043.433327454615,-0.668622192836593,54.99834337697213,0
2024-01-11 15:00:00,43910.473336050934,3.6430810422527697,56.61127514737574,0
2024-01-11 16:00:00,46787.20452821057,-2.2716379798868704,62.569539248294575,0
2024-01-11 17:00:00,41960.81891227915,0.24829152954283007,60.89790890969799,0
2024-01-11 18:00:00,45998.59371332901,7.281243968432892,61.753150496367795,0
2024-01-11 19:00:00,49339.75587689468,7.357400475952497,62.44593565073832,0
2024-01-11 20:00:00,46252.19360642315,6.276372685354894,63.17360734280885,0
2024-01-11 21:00:00,42373.50861836867,2.0990715706123613,65.54849920978111,0
2024-01-11 22:00:00,33517.465319861854,4.8568659315740605,62.04909328464257,0
2024-01-11 23:00:00,35579.27317249821,4.9891923827282945,58.79371172690729,0
2024-01-12 00:00:00,34558.00573506197,1.5249059324223717,63.362868506013655,0
2024-01-12 01:00:00,30472.35232930712,9.510194905301452,69.49940967447608,0
2024-01-12 02:00:00,32448.616955897454,7.632086871727014,59.33683126808713,0
2024-01-12 03:00:00,26926.29500195708,4.337107478511008,55.12735347664679,0
2024-01-12 04:00:00,27872.936606456795,5.080657516983592,65.53540334643486,0
2024-01-12 05:00:00,29189.57383706483,5.625148423842657,59.39809418023201,0
2024-01-12 06:00:00,34842.06909473243,-1.125204605272872,49.13665226992982,0
2024-01-12 07:00:00,34807.75846653855,4.258467852438209,64.23710838575211,0
2024-01-12 08:00:00,44971.722973329284,2.9540472560066044,57.32335907023039,0
2024-01-12 09:00:00,45023.02438729408,1.9951399703152535,59.5473335884792,0
2024-01-12 10:00:00,43742.53010258971,4.156699121342135,61.65990165284507,0
2024-01-12 11:00:00,48085.943164518685,10.393059580548567,60.95249839889533,0
2024-01-12 12:00:00,46962.81379220832,6.9225285838010295,63.547259085695195,0
2024-01-12 13:00:00,44619.501182534776,3.2864630306516096,57.82256814715078,0
2024-01-12 14:00:00,45658.7997433523,6.717748344068475,62.565528990880416,0
2024-01-12 15:00:00,44133.04440706104,9.198066309758007,58.702266612080415,0
2024-01-12 16:00:00,44249.73815955274,7.773901048738306,63.694052404437514,0
2024-01-12 17:00:00,44940.13421708328,5.178891109760523,63.07683742006527,0
2024-01-12 18:00:00,48568.537836327036,3.0591896668832783,55.32280648977702,0
2024-01-12 19:00:00,44560.18819028624,7.09466994084077,65.42991058087516,0
2024-01-12 20:00:00,53672.60593354145,6.180456156265249,57.32018277442976,0
2024-01-12 21:00:00,38351.81342601468,7.685579660083197,64.04028899140573,0
2024-01-12 22:00:00,39696.429809928835,6.905515405045909,61.8364365670067,0
2024-01-12 23:00:00,38603.09476215859,8.148658145958006,69.19091838397561,0
2024-01-13 00:00:00,35491.73576853631,3.394294365318296,58.88267008814074,1
2024-01-13 01:00:00,31488.113280291534,8.952182196902978,58.25341601940901,1
2024-01-13 02:00:00,29687.81662446409,5.592798814077199,59.90290197056134,1
2024-01-13 03:00:00,28285.148644744688,11.225782617875797,58.48410108582862,1
2024-01-13 04:00:00,27660.155221354496,2.9324365457312966,63.99970950971025,1
2024-01-13 05:00:00,30231.92304068048,10.207891409495748,51.91844695781706,1
2024-01-13 06:00:00,33080.1501646932,5.593732350387944,54.73158790426823,1
2024-01-13 07:00:00,36200.794508886276,3.045745989156655,54.66098539210404,1
2024-01-13 08:00:00,44411.649735295665,3.5483424978370355,64.75153795986787,1
2024-01-13 09:00:00,45691.42392197237,4.03895807541704,68.55306686290963,1
2024-01-13 10:00:00,47869.582873329615,6.27249783920575,59.47775390731264,1
2024-01-13 11:00:00,48479.62777852049,6.568506464106498,59.155891384049944,1
2024-01-13 12:00:00,44572.586599606184,3.278899988184263,60.35026081556591,1
2024-01-13 13:00:00,44711.58360754697,4.9269362232170515,65.80939151304095,1
2024-01-13 14:00:00,47200.092951655424,11.426811075835591,55.36323432904713,1
2024-01-13 15:00:00,46373.333097225295,10.182629510302135,61.191844913673926,1
2024-01-13 16:00:00,43954.016493278876,6.3089710090220965,64.87598814891214,1
2024-01-13 17:00:00,43755.187058696596,5.114010434504601,62.50547084969923,1
2024-01-13 18:00:00,47874.74601552396,5.360093980154784,60.94790808299372,1
2024-01-13 19:00:00,46095.01795151491,6.84055391819125,65.00523046283571,1
2024-01-13 20:00:00,49826.711149337345,1.931622304404783,46.48383853500381,1
2024-01-13 21:00:00,42070.34061357797,4.227870387729965,63.38937659765454,1
2024-01-13 22:00:00,39564.63759354556,-0.0057522216327683395,56.72962158436288,1
2024-01-13 23:00:00,39560.20659747598,6.197669367815838,50.846835515717714,1
2024-01-14 00:00:00,36444.47861072905,6.941587819108223,62.556012997624904,1
2024-01-14 01:00:00,33821.95315850103,3.5504406131018778,66.86829272581478,1
2024-01-14 02:00:00,31958.218210731495,9.721960289870099,59.31275742686154,1
2024-01-14 03:00:00,29030.455570367496,1.322703010992976,64.76437273601469,1
2024-01-14 04:00:00,29471.78298409532,0.6068753593705392,68.06139128994323,1
2024-01-14 05:00:00,28550.113202939487,5.673355455679916,66.57457226792023,1
2024-01-14 06:00:00,33026.770322793716,8.141294907836464,68.19982264685697,1
2024-01-14 07:00:00,37255.981773060594,10.051783074373606,63.71063745535946,1
2024-01-14 08:00:00,42706.11642560952,3.62334721139318,60.377168194507966,1
2024-01-14 09:00:00,46339.103307233054,8.236042500293888,51.99017094051416,1
2024-01-14 10:00:00,44118.09242856301,4.884474591497878,58.76968755935026,1
2024-01-14 11:00:00,51917.11009786083,4.482118100177541,55.78376702341904,1
2024-01-14 12:00:00,44161.00958801319,7.650979812460017,70.85471358748907,1
2024-01-14 13:00:00,43207.36619058822,6.956968635240258,59.120570937838316,1
2024-01-14 14:00:00,48134.70223721265,0.27082352904725226,60.61602403392243,1
2024-01-14 15:00:00,46781.24106141661,9.429621049177687,62.75742688020234,1
2024-01-14 16:00:00,45373.06359751474,9.140274062442355,60.21801223186227,1
2024-01-14 17:00:00,44866.65148264981,3.123311895471412,68.47525520215376,1
2024-01-14 18:00:00,44972.44476109444,6.187410600312227,56.88675319132774,1
2024-01-14 19:00:00,45369.02086772115,6.482090558848217,60.97303727618621,1
2024-01-14 20:00:00,48683.82605361979,5.782021297471721,56.28764707150976,1
2024-01-14 21:00:00,41061.03136303677,3.3490845384637398,53.399887443896475,1
2024-01-14 22:00:00,41950.239466835505,2.9851298961858452,56.94115454547357,1
2024-01-14 23:00:00,37224.26740968349,4.923337787025664,59.81481601475794,1
2024-01-15 00:00:00,33555.3799056131,8.518187057778094,57.8534888774137,0
2024-01-15 01:00:00,31977.748007313887,6.630800463783297,56.53789510063072,0
2024-01-15 02:00:00,30619.39718141344,3.888157003741682,52.96841268164083,0
2024-01-15 03:00:00,28182.599398434235,7.315096131945034,59.584472136856526,0
2024-01-15 04:00:00,27328.33593631783,-3.5456278618902264,52.47639812984499,0
2024-01-15 05:00:00,29353.346456663272,8.446297101116311,63.80027981844801,0
2024-01-15 06:00:00,32898.07067805168,-0.21914133633429866,60.41219876467252,0
2024-01-15 07:00:00,36549.48154617913,3.912677175790604,52.712242502675345,0
2024-01-15 08:00:00,41499.04360056106,1.6409903161215684,58.453954614750685,0
2024-01-15 09:00:00,45522.112359054685,1.115955572837283,56.239217972047086,0
2024-01-15 10:00:00,42669.40601455615,8.482480362135558,61.595872552095905,0
2024-01-15 11:00:00,43692.46013021509,3.596896396064326,66.70225223011572,0
2024-01-15 12:00:00,44829.61718558808,6.039511645192148,50.62413765177128,0
2024-01-15 13:00:00,45509.07155106275,4.859238263362448,60.575130395737084,0
2024-01-15 14:00:00,46207.31471173546,6.431122481669364,59.1993360221668,0
2024-01-15 15:00:00,48319.55148813649,5.230465673180766,63.35670038225233,0
2024-01-15 16:00:00,45886.85117104444,1.1510233274342911,61.06598314118845,0
2024-01-15 17:00:00,43152.13369732954,7.98880045834142,56.240153341305906,0
2024-01-15 18:00:00,44957.21353221895,3.5187302505160627,58.40473032166691,0
2024-01-15 19:00:00,45118.9927589852,0.3302543040207464,56.019870715982556,0
2024-01-15 20:00:00,48455.10564521845,3.7156545171022626,65.38003569299299,0
2024-01-15 21:00:00,41886.600392294706,9.502279371902933,60.106558243359714,0
2024-01-15 22:00:00,40645.43712067618,7.550665226340479,69.50595342876504,0
2024-01-15 23:00:00,35948.941980839394,3.9540435967764225,59.69669593092689,0
2024-01-16 00:00:00,35908.85639992205,3.9522268870447137,56.45796616544769,0
2024-01-16 01:00:00,34990.700733629186,4.035094846347852,52.43142803693586,0
2024-01-16 02:00:00,29836.859777314716,11.230243950682523,50.98430161872027,0
2024-01-16 03:00:00,29582.481997043462,6.14580635669466,52.07932028497255,0
2024-01-16 04:00:00,29483.455188188334,6.290124941573209,61.33563325505742,0
2024-01-16 05:00:00,28418.230315765533,8.090850362095527,62.54362511614967,0
2024-01-16 06:00:00,32864.150282941926,5.71636747707954,52.094046489839336,0
2024-01-16 07:00:00,37523.61075146587,4.222873562537891,64.47519157038057,0
2024-01-16 08:00:00,42707.561709416266,4.410950452745065,57.5846947415828,0
2024-01-16 09:00:00,43260.7279863252,4.785196221757809,60.73396505992775,0
2024-01-16 10:00:00,46056.373400795565,4.8883332904704755,68.06110314127713,0
2024-01-16 11:00:00,48170.29598442681,7.18288863091094,64.48419657932766,0
2024-01-16 12:00:00,49873.90888812347,5.155837657421898,58.65734676047084,0
2024-01-16 13:00:00,48206.322899995976,7.197920231646737,55.544038872923565,0
2024-01-16 14:00:00,50398.49009083879,4.757850259674253,49.24092299335348,0
2024-01-16 15:00:00,43273.46798350189,5.235905570948272,56.4042334037879,0
2024-01-16 16:00:00,45919.10540078549,-0.9946020535963225,58.94434880586153,0
2024-01-16 17:00:00,43898.768862480916,7.748983024107444,55.06410236424408,0
2024-01-16 18:00:00,49927.05659973976,6.039465427693978,59.34371516453847,0
2024-01-16 19:00:00,45580.291572281516,7.9940303295789565,60.38425941479384,0
2024-01-16 20:00:00,46463.674532711615,-3.6887661345810674,58.875720090959604,0
2024-01-16 21:00:00,41226.29062843145,11.265124114342182,56.7499870958827,0
2024-01-16 22:00:00,35752.20855138038,4.581231115534479,60.84327335983364,0
2024-01-16 23:00:00,36514.209334348576,8.32454845021255,62.209703247847045,0
2024-01-17 00:00:00,33671.51784228103,1.8802822186234076,54.54800461278577,0
2024-01-17 01:00:00,32744.389903023835,6.838321715187709,67.05466189873135,0
2024-01-17 02:00:00,30512.63396366574,1.8397533104790318,59.50705933857869,0
2024-01-17 03:00:00,31720.447716863033,3.1286931179125848,60.09424811472424,0
2024-01-17 04:00:00,29854.35396941512,10.742094061600358,63.541072116282784,0
2024-01-17 05:00:00,28163.489699289512,4.42795279770996,61.16608065631751,0
2024-01-17 06:00:00,31040.076159058917,5.6522986195391685,64.76568316956623,0
2024-01-17 07:00:00,38422.348446574695,7.610203192066263,61.43562082600912,0
2024-01-17 08:00:00,39694.50443508114,6.487045663917814,56.93781312679781,0
2024-01-17 09:00:00,49120.7822231723,5.45125671543073,61.80751762603051,0
2024-01-17 10:00:00,48712.71227765896,6.094883007398677,54.28136896339669,0
2024-01-17 11:00:00,45897.43721755394,12.210246755714826,60.542798528882614,0
2024-01-17 12:00:00,42516.96221986371,4.827143608899243,59.8338500467777,0
2024-01-17 13:00:00,49113.906460580445,5.603297140144902,58.9594157136373,0
2024-01-17 14:00:00,45239.4218520503,8.151963188022837,59.357312442805345,0
2024-01-17 15:00:00,47785.08670194029,8.31657779887395,50.5907547725118,0
2024-01-17 16:00:00,40492.2591506524,8.56109091668114,57.25637546129519,0
2024-01-17 17:00:00,42196.359325075544,6.916190666087553,60.46422450570557,0
2024-01-17 18:00:00,45011.79832436592,1.5709852618085494,60.799281959987,0
2024-01-17 19:00:00,47611.57891019127,9.900294596903288,54.861624295370206,0
2024-01-17 20:00:00,47408.59123166283,1.560963820943936,66.3285392043235,0
2024-01-17 21:00:00,43823.55610623844,5.9079063957171,55.66912575892749,0
2024-01-17 22:00:00,37864.75914123481,2.737172449941926,64.84728600263368,0
2024-01-17 23:00:00,37233.03846558507,4.807584960221022,62.13597180935842,0
2024-01-18 00:00:00,35210.517355495824,5.986287230910441,56.768863450780984,0
2024-01-18 01:00:00,33335.96310534547,5.964071646350819,68.87655446304755,0
2024-01-18 02:00:00,31067.422317133332,6.265762262705854,54.0318158412176,0
2024-01-18 03:00:00,27369.268966835087,9.841133807175941,64.59577086805001,0
2024-01-18 04:00:00,26313.887306701734,6.360602904541939,65.0029115902149,0
2024-01-18 05:00:00,30852.63139175283,4.267530094128054,56.64689895461677,0
2024-01-18 06:00:00,33040.01026946684,7.892261504865072,66.96232650032164,0
2024-01-18 07:00:00,36096.587743956465,8.568411466773922,58.74976742700524,0
2024-01-18 08:00:00,45796.19794798536,1.3171765545890226,61.44346814639928,0
2024-01-18 09:00:00,45260.26792715894,6.792200209549574,61.3016091938561,0
2024-01-18 10:00:00,48712.3835233468,7.103518226932695,59.32845629264726,0
2024-01-18 11:00:00,47158.66843131375,4.107309489920024,64.05404136579891,0
2024-01-18 12:00:00,51291.23892535062,9.127120439934858,63.967443602761065,0
2024-01-18 13:00:00,50037.283937619366,4.54983323890242,51.257340133809095,0
2024-01-18 14:00:00,44933.60656221011,5.376729360414627,66.52170121439076,0
2024-01-18 15:00:00,47186.0346396473,4.4807845271483915,51.68754005982163,0
2024-01-18 16:00:00,45419.82708908733,5.046737142744402,65.16273102170828,0
2024-01-18 17:00:00,46476.773637632854,1.7111747393143943,65.63352568413792,0
2024-01-18 18:00:00,42828.922213694765,0.6798473522171165,54.54516784892401,0
2024-01-18 19:00:00,49129.3722174963,9.783515189674917,57.945928560227074,0
2024-01-18 20:00:00,51066.67938061026,2.4591159550450166,54.47147665757032,0
2024-01-18 21:00:00,38762.67859135088,2.0258229516310786,58.92539484855632,0
2024-01-18 22:00:00,37633.48297466845,-1.4601703408111444,58.45982857907129,0
2024-01-18 23:00:00,33676.43966669981,3.0831147569314936,63.8983026613467,0
2024-01-19 00:00:00,34528.53803972202,1.030730619777505,66.55154373059804,0
2024-01-19 01:00:00,33666.00616566844,9.926045480409108,66.97841905394978,0
2024-01-19 02:00:00,32253.535578144045,8.029451268027902,57.189159867108486,0
2024-01-19 03:00:00,29107.437431608672,2.935548964466829,58.95389063127736,0
2024-01-19 04:00:00,30820.777152439085,11.757307416032926,51.58280903889525,0
2024-01-19 05:00:00,26998.852885588403,7.945296460974783,55.970649667519055,0
2024-01-19 06:00:00,29732.003536047872,4.025505849474133,64.8242581654873,0
2024-01-19 07:00:00,37395.84806456884,-2.4982171446207193,68.07791411774116,0
2024-01-19 08:00:00,43316.13907899603,11.872827717772225,53.82825564060039,0
2024-01-19 09:00:00,44926.43681678829,0.8312825997092119,57.03767870423553,0
2024-01-19 10:00:00,41244.88316990829,0.06380375912932479,59.867971215205365,0
2024-01-19 11:00:00,46790.56790714495,8.067711296028921,61.400805794098034,0
2024-01-19 12:00:00,43467.10841132622,12.319257219017818,55.95198240039177,0
2024-01-19 13:00:00,47540.24686230909,9.152818455531555,62.12030522232045,0
2024-01-19 14:00:00,46334.01100987033,6.691727360157079,57.63080326464542,0
2024-01-19 15:00:00,42885.27048076345,6.784263024995858,59.927738645608606,0
2024-01-19 16:00:00,42869.49278185928,7.560246676340923,62.7314212400185,0
2024-01-19 17:00:00,41196.21058989153,7.276785769360295,60.03211134905469,0
2024-01-19 18:00:00,44858.97203113536,5.843574271908127,57.81807054736716,0
2024-01-19 19:00:00,49768.46301119043,5.312603311855629,59.451950980370846,0
2024-01-19 20:00:00,46109.6143376363,4.812220616301433,59.55818520397332,0
2024-01-19 21:00:00,43571.09884547542,2.738106233399971,58.149944850589364,0
2024-01-19 22:00:00,38939.48476325512,4.157974769399678,58.70601968666449,0
2024-01-19 23:00:00,36013.3634395081,-0.07887044258615639,67.99323585252358,0
2024-01-20 00:00:00,34812.696870079526,4.70498111961575,62.8045972397062,1
2024-01-20 01:00:00,30817.731226068518,2.0342266785472476,58.5225984098542,1
2024-01-20 02:00:00,29169.52604197923,1.6892320483526873,63.48477202255368,1
2024-01-20 03:00:00,27263.077055746166,5.539682453460435,58.33090255121995,1
2024-01-20 04:00:00,31299.73331440585,9.176006859033798,65.86562318793321,1
2024-01-20 05:00:00,29051.132150359004,7.7549498180069385,61.84821096099047,1
2024-01-20 06:00:00,31362.946049512047,0.2884981891304692,59.46348927997886,1
2024-01-20 07:00:00,37901.21233262667,2.0311155902889872,62.23858462905139,1
2024-01-20 08:00:00,42261.30289440698,7.822313563964648,52.145619239657506,1
2024-01-20 09:00:00,44502.81840105025,2.052537819385071,54.36616265545097,1
2024-01-20 10:00:00,47412.583410099876,4.326100550008926,54.03037496800472,1
2024-01-20 11:00:00,48780.143118611166,6.650156297073655,60.714715473818536,1
2024-01-20 12:00:00,45266.58483180552,2.094966635409094,68.66257499742545,1
2024-01-20 13:00:00,44675.61804651724,5.31612651843788,71.15650073096316,1
2024-01-20 14:00:00,44874.25738898001,0.9979235152453869,63.19025550720379,1
2024-01-20 15:00:00,39820.67737934493,3.195897068146359,62.50422237472228,1
2024-01-20 16:00:00,40666.57966316318,5.959345802427611,50.9947113292363,1
2024-01-20 17:00:00,46472.95153169184,0.22101879940499192,57.286631001329894,1
2024-01-20 18:00:00,48701.17735537789,6.321424213881197,56.061081240458805,1
2024-01-20 19:00:00,46908.5394060536,4.941086603219956,56.89576200874442,1
2024-01-20 20:00:00,49898.15063541024,6.6574698632514435,59.15928090707605,1
2024-01-20 21:00:00,43161.40657840502,5.671742402193984,57.63954711151436,1
2024-01-20 22:00:00,46157.76161691047,9.092421289921532,50.10350094812106,1
2024-01-20 23:00:00,39599.20295893983,5.375673507943722,63.73955128058767,1
2024-01-21 00:00:00,34776.14421490866,3.711783376624241,54.636284871300965,1
2024-01-21 01:00:00,30947.246784024308,5.366892509096852,61.196234320555746,1
2024-01-21 02:00:00,27590.33051961364,6.629894087109164,70.37041334874986,1
2024-01-21 03:00:00,29295.02227200747,5.146580210977113,55.403077042067885,1
2024-01-21 04:00:00,27422.200187969862,5.121775073611647,47.348562386268355,1
2024-01-21 05:00:00,26937.73212108337,2.8940249365797337,58.569978890599444,1
2024-01-21 06:00:00,31449.319063105893,3.0112972473471555,65.50479817499286,1
2024-01-21 07:00:00,35472.09749322301,0.7921841846009192,69.79173727110297,1
2024-01-21 08:00:00,46085.17597452921,10.248730229560818,53.85225202773792,1
2024-01-21 09:00:00,46983.68945313626,1.268410293826145,62.48349611618261,1
2024-01-21 10:00:00,45981.66292497178,2.921284406612278,57.67344771609973,1
2024-01-21 11:00:00,50477.86872639156,2.8447782032924076,59.470258228479324,1
2024-01-21 12:00:00,46679.88131528071,7.684773130833324,73.22171673508518,1
2024-01-21 13:00:00,44019.04633694499,4.115150965123917,52.48514835802423,1
2024-01-21 14:00:00,48965.10727578847,8.743226218021201,61.26869830747287,1
2024-01-21 15:00:00,46212.547598290475,2.979528127268394,62.33846585882716,1
2024-01-21 16:00:00,41718.05846048179,5.836982486671406,65.42893162469673,1
2024-01-21 17:00:00,43086.01337516815,2.493958840220728,60.489915767354475,1
2024-01-21 18:00:00,43029.85892988429,11.435447383320165,61.540252697520515,1
2024-01-21 19:00:00,44215.8506389597,1.4372047429114616,58.041757162891045,1
2024-01-21 20:00:00,50745.98055276423,5.929462130681083,61.34563470622554,1
2024-01-21 21:00:00,46557.510360999026,6.901330642796296,58.284038622512945,1
2024-01-21 22:00:00,37202.864852361716,6.2413972923544945,63.107859449280255,1
2024-01-21 23:00:00,38555.56731879482,4.444137023366875,58.15194831978183,1
2024-01-22 00:00:00,33861.375504036805,4.610537900799722,61.88550196951093,0
2024-01-22 01:00:00,31708.421251382366,5.131434415937329,59.85368593157511,0
2024-01-22 02:00:00,29111.409113641694,4.558993995114534,65.63025125386085,0
2024-01-22 03:00:00,27747.213383964263,7.891637350384729,59.743031382057566,0
2024-01-22 04:00:00,28569.143319821378,11.631569004774054,51.134837658965594,0
2024-01-22 05:00:00,27795.12233120399,3.3275246449764992,66.30960750356996,0
2024-01-22 06:00:00,32939.49234189223,0.8905910612627661,55.47133849568691,0
2024-01-22 07:00:00,37405.803544782866,4.735153854946235,56.731168306755904,0
2024-01-22 08:00:00,41992.23540040888,12.739128012962956,57.02169352978254,0
2024-01-22 09:00:00,42957.98176040641,2.5889762960908076,66.87219046585409,0
2024-01-22 10:00:00,44673.42593969283,9.917350416332201,49.32162893010652,0
2024-01-22 11:00:00,48775.16938069053,10.033102442229321,75.68874266829997,0
2024-01-22 12:00:00,47664.63246122668,3.339235274876016,65.28028404533026,0
2024-01-22 13:00:00,43751.62293696333,6.7069492375558255,61.116194570645796,0
2024-01-22 14:00:00,45725.98099485149,9.885189869385615,59.72552999691857,0
2024-01-22 15:00:00,46690.62102758652,3.862616777037539,61.427770374288286,0
2024-01-22 16:00:00,40327.30838153298,4.389258919692915,62.60561214189669,0
2024-01-22 17:00:00,44681.80841842636,3.254957258154069,63.22607792975028,0
2024-01-22 18:00:00,43509.096542371844,1.9557298079213994,62.778022330017244,0
2024-01-22 19:00:00,48855.171837908754,3.0521673648019787,60.44790340627625,0
2024-01-22 20:00:00,46649.0965453844,1.3281791997132304,59.01330789846337,0
2024-01-22 21:00:00,38664.62553608789,5.102250404777678,59.24363358173244,0
2024-01-22 22:00:00,36744.915124233674,2.6900803068240746,59.0254585982366,0
2024-01-22 23:00:00,37590.159274990096,5.701357735372243,65.66885048433532,0
2024-01-23 00:00:00,35454.514378012595,0.33231306138911787,62.96778361140431,0
2024-01-23 01:00:00,31030.485484205336,5.992640696643371,45.2980568266786,0
2024-01-23 02:00:00,30957.888688166066,7.500586884826774,63.279503882648804,0
2024-01-23 03:00:00,26590.795909710007,-0.981206927714366,60.97368097359387,0
2024-01-23 04:00:00,28405.83628692757,6.1221697095427166,59.90645621777051,0
2024-01-23 05:00:00,27244.026510344436,8.683006977419875,58.05740773455557,0
2024-01-23 06:00:00,31440.766324821492,1.3710769439263837,65.62056359993007,0
2024-01-23 07:00:00,37588.872508718276,10.01771716051311,64.73763231061429,0
2024-01-23 08:00:00,40671.621598771606,6.257057028098135,56.135611660881956,0
2024-01-23 09:00:00,44134.75002548289,2.8849644327247734,62.03526143562267,0
2024-01-23 10:00:00,48314.473461193214,4.832692767026882,55.14171632729357,0
2024-01-23 11:00:00,45644.3041066206,6.674980737565168,53.101909176055344,0
2024-01-23 12:00:00,48442.98416055146,5.228016174237235,56.86641387705018,0
2024-01-23 13:00:00,43401.67423428748,6.616267977339108,64.31196736191379,0
2024-01-23 14:00:00,46705.30450475727,2.2379792207619014,64.76562522688043,0
2024-01-23 15:00:00,48243.52939648028,5.508082472108234,62.56542710048647,0
2024-01-23 16:00:00,38562.38209971996,0.7588565092850592,63.625478934239986,0
2024-01-23 17:00:00,41766.752819351714,4.666321815953899,62.58089143557479,0
2024-01-23 18:00:00,46298.412286156214,2.288277075605631,56.79259202388524,0
2024-01-23 19:00:00,47017.767208147896,2.7934101722307005,62.159612723369705,0
2024-01-23 20:00:00,49400.028742925424,8.708279525631312,64.0020476261384,0
2024-01-23 21:00:00,41216.531478228884,8.273930361782806,63.77145664906787,0
2024-01-23 22:00:00,40173.179574945796,6.827414362721531,65.94456685737322,0
2024-01-23 23:00:00,37208.10518363985,1.7230617059822633,63.54151923600532,0
2024-01-24 00:00:00,37043.61860790466,4.050774650915594,61.757241037707914,0
2024-01-24 01:00:00,32913.433870364475,8.63929309993755,65.35075119158213,0
2024-01-24 02:00:00,30506.4039931128,5.425150740919714,59.8673937037547,0
2024-01-24 03:00:00,28402.77839912242,11.957988619945082,55.590626743861414,0
2024-01-24 04:00:00,27805.16113069669,6.179953518183115,59.18466518028118,0
2024-01-24 05:00:00,28372.790627661547,5.576147349470094,56.27548677596776,0
2024-01-24 06:00:00,33140.98473136473,4.072650607392496,56.624108625128095,0
2024-01-24 07:00:00,36710.65409846201,5.400622714346847,59.27740664642241,0
2024-01-24 08:00:00,43115.77157090488,4.542590490858368,56.03790039500019,0
2024-01-24 09:00:00,49669.65179695223,7.124326030065771,58.4601923518048,0
2024-01-24 10:00:00,48003.586817892894,7.870106950383752,50.53192666523107,0
2024-01-24 11:00:00,46233.84469940558,2.6420316184761514,61.06646853686469,0
2024-01-24 12:00:00,49292.82236903117,1.0063011393266659,60.00602737681112,0
2024-01-24 13:00:00,45061.42664205043,-0.5086161193098899,55.914556844659046,0
2024-01-24 14:00:00,40863.266682470385,6.523973980737631,63.296228342162024,0
2024-01-24 15:00:00,42731.80580043584,1.6899001814783792,64.6878506881328,0
2024-01-24 16:00:00,39884.25777374311,-1.4586717788574486,51.96220067815513,0
2024-01-24 17:00:00,42735.45817221016,6.165735813592892,56.186376107168925,0
2024-01-24 18:00:00,45041.441353176495,12.478998552298371,56.154288251063505,0
2024-01-24 19:00:00,51481.538616653794,4.98178726538032,55.300484494455674,0
2024-01-24 20:00:00,49292.7988813781,7.515472323354926,64.14737420965874,0
2024-01-24 21:00:00,42034.41137628116,5.245488075642695,59.03086930613598,0
2024-01-24 22:00:00,41658.81116236698,4.703331040426572,58.67742579344694,0
2024-01-24 23:00:00,33354.12129561022,7.757229448963306,49.98068817796623,0
2024-01-25 00:00:00,35412.32547668999,4.129176367434046,63.17709015104613,0
2024-01-25 01:00:00,33752.65594006632,5.802176942215709,53.80370802573264,0
2024-01-25 02:00:00,27782.120631330235,5.965093418588041,60.29966315133164,0
2024-01-25 03:00:00,30658.443362650043,2.9957286390708537,61.38688468979096,0
2024-01-25 04:00:00,28982.35738067954,7.976127048609568,66.80329297919326,0
2024-01-25 05:00:00,28397.832524843834,4.475120729913774,53.45589800440444,0
2024-01-25 06:00:00,33528.27053242271,2.732764521521466,44.90243922089587,0
2024-01-25 07:00:00,41757.54910838324,6.60952953071121,60.91924772376847,0
2024-01-25 08:00:00,42886.4657919993,2.304596054626888,69.00255590755427,0
2024-01-25 09:00:00,45558.496319175756,5.084543472107384,66.19473176469718,0
2024-01-25 10:00:00,44943.469931057436,4.972643010067389,61.04829707637313,0
2024-01-25 11:00:00,45002.86573175774,8.257686697494734,57.54181907183976,0
2024-01-25 12:00:00,48430.53077346537,6.424094698639858,64.03561298318655,0
2024-01-25 13:00:00,44031.00720040961,4.924919123764568,55.13226900147766,0
2024-01-25 14:00:00,45662.81318967412,7.453298897600861,62.3817888467811,0
2024-01-25 15:00:00,43925.270744778485,9.170622647051939,62.52735079583314,0
2024-01-25 16:00:00,45053.75561664206,6.673430919055587,65.30104953749439,0
2024-01-25 17:00:00,44225.715078999114,5.031057859530142,73.7983001945554,0
2024-01-25 18:00:00,47334.46487458027,1.0644913029495213,61.96207983589383,0
2024-01-25 19:00:00,46288.71105271998,1.8046590107738822,57.45518187146251,0
2024-01-25 20:00:00,47845.55328191358,4.084325886935997,59.872128439040026,0
2024-01-25 21:00:00,40420.1271039626,3.1714633935221506,51.15462047555441,0
2024-01-25 22:00:00,39111.413479847775,4.439086091043662,56.52643434455471,0
2024-01-25 23:00:00,38207.4384244591,5.169949774691322,57.95358780943448,0
2024-01-26 00:00:00,36324.73007912937,6.589078263070192,57.37955801032704,0
2024-01-26 01:00:00,31001.481348211357,4.788503665822726,60.76177436016861,0
2024-01-26 02:00:00,31304.408880158488,6.459504931478605,55.887900338089,0
2024-01-26 03:00:00,30965.674895267177,5.1934232444303605,65.60515333662235,0
2024-01-26 04:00:00,29089.14473709377,-0.9263996990616139,60.00103532459099,0
2024-01-26 05:00:00,31721.353928209195,2.181993818543737,59.953498394306926,0
2024-01-26 06:00:00,31242.59255145669,4.567737332835153,58.36052641743541,0
2024-01-26 07:00:00,35166.272431291094,1.3709157714766773,60.77595341929489,0
2024-01-26 08:00:00,38720.21947107841,6.799786189988613,64.12549132333817,0
2024-01-26 09:00:00,48366.09970085067,9.592252497031092,55.664348921445495,0
2024-01-26 10:00:00,47505.04100961433,8.65628555509195,56.70941755462372,0
2024-01-26 11:00:00,46869.376023360426,4.359671387209376,58.48136985611668,0
2024-01-26 12:00:00,47150.927056193585,9.472178410549855,53.27064538263392,0
2024-01-26 13:00:00,43411.37519121374,5.446002371606335,55.90371070139251,0
2024-01-26 14:00:00,51064.085753628286,3.988742086645882,57.618895632276704,0
2024-01-26 15:00:00,45290.747659444256,3.1597920093771807,64.37194590356364,0
2024-01-26 16:00:00,44240.66854813076,4.092590940535615,61.31280664500962,0
2024-01-26 17:00:00,45078.54240697966,3.8354695443763136,60.96794955683772,0
2024-01-26 18:00:00,46082.27077140761,5.511248667126463,64.25448981083986,0
2024-01-26 19:00:00,48031.724557662936,5.481721943149593,59.31314105800302,0
2024-01-26 20:00:00,46583.09944554512,5.009138060460243,61.95232424964445,0
2024-01-26 21:00:00,43501.870258913994,6.31081450923905,59.483891235337516,0
2024-01-26 22:00:00,43764.04899295006,8.571938824359023,61.32681174699814,0
2024-01-26 23:00:00,40022.66258654059,7.848662406323971,57.08620671194209,0
2024-01-27 00:00:00,37788.07659661894,0.5453060946502895,47.80591420861786,1
2024-01-27 01:00:00,31669.274525799323,-2.661763404705864,59.32860418906848,1
2024-01-27 02:00:00,28515.59276961213,7.802959733717821,67.1137406804997,1
2024-01-27 03:00:00,28817.608965855507,0.899363904753737,64.63107701120796,1
2024-01-27 04:00:00,28579.408000011386,4.325703794321949,64.82698742295585,1
2024-01-27 05:00:00,30586.57770178287,1.4896609218219217,66.18065360903108,1
2024-01-27 06:00:00,29749.74497671342,-0.40594131274005907,60.44328795480719,1
2024-01-27 07:00:00,40367.90684898865,6.624388184614364,60.98657853702798,1
2024-01-27 08:00:00,42164.23321551965,7.27746548090794,56.91174052282825,1
2024-01-27 09:00:00,44039.51759261831,3.2704687978198415,58.41963571986475,1
2024-01-27 10:00:00,43672.15993690161,-2.7731268764347297,63.07885574885571,1
2024-01-27 11:00:00,43111.08682111544,3.361266655242552,66.01942218584408,1
2024-01-27 12:00:00,48413.87160771146,6.175412016207639,59.302768621595,1
2024-01-27 13:00:00,46168.63132453333,0.5632652936776132,57.74905367574294,1
2024-01-27 14:00:00,42565.3389530891,5.550079759337467,60.002639794282985,1
2024-01-27 15:00:00,42086.072762856864,4.954070452481013,63.00603374464558,1
2024-01-27 16:00:00,43261.27366156172,6.737874498803265,52.78072591933229,1
2024-01-27 17:00:00,47130.12181750443,5.358741105242459,48.51909523431381,1
2024-01-27 18:00:00,44415.91945943189,2.0807931773553334,57.24731575254208,1
2024-01-27 19:00:00,43930.035486344495,8.589714504993474,53.89643787042921,1
2024-01-27 20:00:00,47904.073069591584,4.5244112809190895,57.45929901176345,1
2024-01-27 21:00:00,41920.4624142862,4.9180863814702045,59.26109840591264,1
2024-01-27 22:00:00,34606.226714116856,2.2001961227804117,57.733757954884936,1
2024-01-27 23:00:00,37398.197125279105,3.670153246425469,67.26233767235372,1
2024-01-28 00:00:00,34595.864572134815,2.345591857919297,61.6337238230116,1
2024-01-28 01:00:00,33631.3353428218,4.481161820229731,61.50237179805414,1
2024-01-28 02:00:00,32773.43414241802,10.13512544042703,63.11103572021701,1
2024-01-28 03:00:00,30633.51929284425,0.8842965712059314,54.30583441109616,1
2024-01-28 04:00:00,28116.83361595936,0.1593158063697766,65.19555893710134,1
2024-01-28 05:00:00,27395.537432324574,9.413510982480826,59.6211785673227,1
2024-01-28 06:00:00,36681.70968028102,4.372028968544401,63.35240308620606,1
2024-01-28 07:00:00,37611.03456377717,2.9927817840202504,54.64071383479922,1
2024-01-28 08:00:00,42529.59974531501,8.11971406218823,52.23120616991968,1
2024-01-28 09:00:00,44945.718554002495,3.183153380789408,64.08944829012515,1
2024-01-28 10:00:00,46455.59494976606,10.478029140640809,61.882047630487584,1
2024-01-28 11:00:00,46660.75303197873,7.033777614017807,55.48974222821245,1
2024-01-28 12:00:00,45166.235834003455,3.536265775562892,55.65168459362653,1
2024-01-28 13:00:00,44742.2244351471,11.47192463979651,65.62717392207385,1
2024-01-28 14:00:00,45425.4863102586,3.182855230989985,54.05294053566336,1
2024-01-28 15:00:00,43777.29426494903,7.2262861160279215,68.21336476627982,1
2024-01-28 16:00:00,42431.73927811024,5.897877741219476,55.496896326760655,1
2024-01-28 17:00:00,43731.485745229875,8.905223868196394,63.191959628041914,1
2024-01-28 18:00:00,44426.30126080308,9.684533590180557,58.356907621255075,1
2024-01-28 19:00:00,51071.983347883885,5.0960124471973,63.01593715541171,1
2024-01-28 20:00:00,42071.39821464695,2.7397463889614495,57.27942998942903,1
2024-01-28 21:00:00,44819.45206033523,6.379916428817349,59.186035469638526,1
2024-01-28 22:00:00,42492.17038499526,2.966853890743682,60.20459587697861,1
2024-01-28 23:00:00,33612.393314234716,11.040161742579869,54.98906272109264,1
2024-01-29 00:00:00,34400.29671035939,5.409605993248213,63.70412172710063,0
2024-01-29 01:00:00,31896.408592756838,3.904035346063674,57.43393216764208,0
2024-01-29 02:00:00,27888.732457923266,5.554040917594725,58.85700042329991,0
2024-01-29 03:00:00,27872.165802993226,0.9586211314109105,55.02825312695744,0
2024-01-29 04:00:00,26917.429420211192,2.085157884468045,47.18833170602345,0
2024-01-29 05:00:00,31540.79214296425,8.601241723833276,59.04486118699916,0
2024-01-29 06:00:00,34020.47738886463,3.0293171630858127,72.06307710806458,0
2024-01-29 07:00:00,39884.16580311405,1.8592670519541814,63.92302143949012,0
2024-01-29 08:00:00,44033.553136091876,6.609958257581859,59.903698101328025,0
2024-01-29 09:00:00,42459.63351476123,8.557112463988991,58.685545853958665,0
2024-01-29 10:00:00,44793.60338755652,7.1568599319952,60.11232946406023,0
2024-01-29 11:00:00,48150.030218885615,7.9881430574174495,62.73559557587605,0
2024-01-29 12:00:00,43658.55284432622,2.7296147342916175,54.09593592345578,0
2024-01-29 13:00:00,47639.8963893965,0.7345679997744687,65.57160847334436,0
2024-01-29 14:00:00,44953.259719190246,9.50400095586646,63.57690657720622,0
2024-01-29 15:00:00,44156.653183013404,4.0319604834735925,63.59092862853967,0
2024-01-29 16:00:00,45564.11193004768,4.247500950634858,62.192378694048635,0
2024-01-29 17:00:00,44466.27270248214,8.984582425547174,60.09808328846995,0
2024-01-29 18:00:00,44187.82612690707,6.668690028201979,63.3643061798341,0
2024-01-29 19:00:00,50253.40828299009,6.367663316244823,62.95907066870689,0
2024-01-29 20:00:00,45878.42143057025,11.495007034703253,58.22979644529488,0
2024-01-29 21:00:00,43808.863164756556,3.069445308859571,57.13199113551549,0
2024-01-29 22:00:00,41186.20251593676,7.783520384243712,60.50928147630994,0
2024-01-29 23:00:00,36919.60042628627,5.1710393746912535,67.74510075747594,0
2024-01-30 00:00:00,35570.732788923706,5.805776836589771,53.804464621730496,0
2024-01-30 01:00:00,30466.940438373884,9.585405279237595,52.6623736712378,0
2024-01-30 02:00:00,31386.040528810354,6.523507268868871,60.82380420618259,0
2024-01-30 03:00:00,28731.891902157662,6.614888237148898,60.25443850928009,0
2024-01-30 04:00:00,27755.119695760364,8.217522011929407,60.866708321852045,0
2024-01-30 05:00:00,30521.063377463484,3.905141811371344,61.2197659895425,0
2024-01-30 06:00:00,31355.441502868016,2.482370997982981,58.883988726825976,0
2024-01-30 07:00:00,34859.13506931833,1.8655724179368995,67.44931719301042,0
2024-01-30 08:00:00,39192.163006261704,-0.8990697681280055,51.995480107617425,0
2024-01-30 09:00:00,46363.522390527694,11.168621389820967,55.85751487609877,0
2024-01-30 10:00:00,43055.012489258545,1.6903749028349506,59.48372619925476,0
2024-01-30 11:00:00,51123.76632766326,4.336239129242684,51.784055944229166,0
2024-01-30 12:00:00,41659.51412667034,4.169560100333238,59.12072797783964,0
2024-01-30 13:00:00,49901.84964706709,5.922220093427303,68.3073508286401,0
2024-01-30 14:00:00,45980.06473788596,7.44721163761789,60.10443244147981,0
2024-01-30 15:00:00,44782.39549829162,7.581420465079236,61.153504528593416,0
2024-01-30 16:00:00,42801.17800902031,3.2507676842931845,53.6991761741371,0
2024-01-30 17:00:00,44368.12104871576,4.498634858640766,56.91819295980261,0
2024-01-30 18:00:00,44915.32191954409,5.847739851464899,58.12401809838032,0
2024-01-30 19:00:00,50120.34196978924,4.2539266214493585,58.41142451621883,0
2024-01-30 20:00:00,48777.002048005445,9.822036728059977,66.40821897501884,0
2024-01-30 21:00:00,42819.39124310649,6.472924854914754,62.788455303625625,0
2024-01-30 22:00:00,39272.77557557229,7.204633358149453,54.44271021531484,0
2024-01-30 23:00:00,37393.226955523,6.988643806002238,61.232523892160025,0
2024-01-31 00:00:00,35538.6530955611,8.520421572455975,62.491108742483924,0
